,title,year,imdbID,book,sup,hor,com,spy,his,war,psy,rom,mon,fan,mus,pol,bio,sci,act,dra,dis,adv,mys,thr,dys,cri,epi,oth,ani,based_on_book,other
0,avengers: endgame,2019.0,tt4154796,0,1.0,0,0,0,0,0,0,0,0,0,0,0,0,0,1.0,1.0,0,1.0,0,0,0,0,0,0,0,1.0,0
1,toy story 4,2019.0,tt1979376,0,0,0,1,0,0,0,0,0,0,0,0,0,0,0,0,0,0,1.0,0,0,0,0,0,0,1,0.0,0
2,captain marvel,2019.0,tt4154664,0,1.0,0,0,0,0,0,0,0,0,0,0,0,0,1,1.0,0,0,1.0,0,0,0,0,0,0,0,1.0,0
3,spider-man: far from home,2019.0,tt6320628,0,1.0,0,0,0,0,0,0,0,0,0,0,0,0,1,1.0,0,0,1.0,0,0,0,0,0,0,0,1.0,0
4,frozen ii,2019.0,tt4520988,0,0,0,1,0,0,0,0,0,0,1,1,0,0,0,0,0,0,1.0,0,0,0,0,0,0,1,0.0,0
5,aladdin,2019.0,tt0103639,0,0,0,1,0,0,0,0,0,0,1,1,0,0,0,0,0,0,1.0,0,0,0,0,0,0,0,1.0,0
6,it chapter two,2019.0,tt7349950,0,0,1,0,0,0,0,0,0,0,1,0,0,0,0,0,1.0,0,0,0,0,0,0,0,0,0,1.0,0
7,us,2019.0,tt6857112,0,0,1,0,0,0,0,0,0,0,0,0,0,0,0,0,0,0,0,1,1,0,0,0,0,0,0.0,0
8,escape room,2019.0,tt5886046,0,0,1,0,0,0,0,1,0,0,0,0,0,0,0,1.0,0,0,1.0,0,0,0,0,0,0,0,0.0,0
10,a dog's way home,2019.0,tt7616798,0,0,0,0,0,0,0,0,0,0,0,0,0,0,0,0,1.0,0,1.0,0,0,0,0,0,0,0,1.0,0
11,after darkness,2019.0,tt2728784,0,0,0,0,0,0,0,0,0,0,0,0,0,0,1,0,1.0,0,0,0,0,0,0,0,0,0,0.0,0
12,glass,2019.0,tt6823368,0,1.0,0,0,0,0,0,1,0,0,0,0,0,0,1,0,1.0,0,0,0,1,0,0,0,0,0,0.0,0
13,close,2019.0,tt5316540,0,0,0,0,0,0,0,0,0,0,0,0,0,0,0,1.0,1.0,0,0,0,1,0,0,0,0,0,0.0,0
14,the kid who would be king,2019.0,tt6811018,0,0,0,0,0,0,0,0,0,0,1,0,0,0,0,1.0,0,0,1.0,0,0,0,0,0,0,0,0.0,0
15,serenity,2019.0,tt0379786,0,0,0,0,0,0,0,0,0,0,1,0,0,0,1,1.0,0,0,1.0,1,1,0,0,0,0,0,0.0,0
16,miss bala,2019.0,tt1911600,0,0,0,0,0,0,0,0,0,0,0,0,0,0,0,1.0,1.0,0,0,0,1,0,1,0,0,0,0.0,0
17,velvet buzzsaw,2019.0,tt7043012,0,0,1,0,0,0,0,0,0,0,0,0,0,0,0,0,0,0,0,1,1,0,0,0,0,0,0.0,0
18,the lego movie 2: the second part,2019.0,tt3513498,0,0,0,1,0,0,0,0,0,0,0,1,0,0,0,1.0,0,0,1.0,0,0,0,0,0,0,1,1.0,0
19,what men want,2019.0,tt7634968,0,0,0,1,0,0,0,0,1,0,1,0,0,0,0,0,0,0,0,0,0,0,0,0,0,0,1.0,0
20,cold pursuit,2019.0,tt5719748,0,0,0,0,0,0,0,0,0,0,0,0,0,0,0,1.0,1.0,0,0,0,1,0,1,0,0,0,1.0,0
21,high flying bird,2019.0,tt8128188,0,0,0,0,0,0,0,0,0,0,0,0,0,0,0,0,1.0,0,0,0,0,0,0,0,0,0,0.0,0
22,the prodigy,2019.0,tt4504044,0,0,1,0,0,0,0,0,0,0,0,0,0,0,0,0,0,0,0,0,1,0,0,0,0,0,0.0,0
23,isn't it romantic,2019.0,tt2452244,0,0,0,1,0,0,0,0,1,0,1,0,0,0,0,0,0,0,0,0,0,0,0,0,0,0,0.0,0
24,happy death day 2u,2019.0,tt8155288,0,0,1,1,0,0,0,0,0,0,0,0,0,0,1,0,0,0,0,1,0,0,0,0,0,0,1.0,0
25,how to train your dragon: the hidden world,2019.0,tt2386490,0,0,0,0,0,0,0,0,0,0,1,0,0,0,0,1.0,0,0,1.0,0,0,0,0,0,0,1,1.0,0
26,fighting with my family,2019.0,tt6513120,0,0,0,1,0,0,0,0,0,0,0,0,0,1,0,0,1.0,0,0,0,0,0,0,0,0,0,1.0,0
27,triple frontier,2019.0,tt1488606,0,0,0,0,0,0,0,0,0,0,0,0,0,0,0,1.0,0,0,1.0,0,0,0,1,0,0,0,0.0,0
28,the kid,2019.0,tt0012349,0,0,0,1,0,0,0,0,0,0,0,0,0,1,0,1.0,1.0,0,0,0,0,0,0,0,0,0,0.0,0
29,wonder park,2019.0,tt6428676,0,0,0,1,0,0,0,0,0,0,0,0,0,0,0,0,0,0,1.0,0,0,0,0,0,0,1,0.0,0
30,captive state,2019.0,tt5968394,0,0,0,0,0,0,0,0,0,0,0,0,0,0,1,0,1.0,0,0,0,1,0,1,0,0,0,0.0,0
31,nancy drew and the hidden staircase,2019.0,tt8323104,0,0,0,1,0,0,0,0,0,0,0,0,0,0,0,0,1.0,0,0,1,0,0,1,0,0,0,1.0,0
32,the aftermath,2019.0,tt5977276,0,0,0,0,0,0,0,0,1,0,0,0,0,0,0,0,1.0,0,0,0,0,0,0,0,0,0,1.0,0
33,five feet apart,2019.0,tt6472976,0,0,0,0,0,0,0,0,1,0,0,0,0,0,0,0,1.0,0,0,0,0,0,0,0,0,0,0.0,0
34,the highwaymen,2019.0,tt1860242,0,0,0,0,0,0,0,0,0,0,0,0,0,1,0,0,1.0,0,0,0,0,0,1,0,0,0,0.0,0
36,triple threat,2019.0,tt6643972,0,0,0,0,0,0,0,0,0,0,0,0,0,0,0,1.0,0,0,0,0,1,0,0,0,0,0,0.0,0
37,the dirt,2019.0,tt0800325,0,0,0,1,0,0,0,0,0,0,0,0,0,1,0,0,1.0,0,0,0,0,0,0,0,0,0,1.0,0
38,dumbo,2019.0,tt0033563,0,0,0,0,0,0,0,0,0,0,1,0,0,0,0,0,1.0,0,1.0,0,0,0,0,0,0,0,1.0,0
39,the beach bum,2019.0,tt6511932,0,0,0,1,0,0,0,0,0,0,0,0,0,0,0,0,0,0,0,0,0,0,0,0,0,0,0.0,0
40,unplanned,2019.0,tt9024106,0,0,0,0,0,0,0,0,0,0,0,0,0,1,0,0,1.0,0,0,0,0,0,0,0,0,0,1.0,0
41,shazam!,2019.0,tt0448115,0,1.0,0,1,0,0,0,0,0,0,0,0,0,0,0,1.0,0,0,1.0,0,0,0,0,0,0,0,1.0,0
42,pet sematary,2019.0,tt0098084,0,0,1,0,0,0,0,0,0,0,0,0,0,0,0,0,0,0,0,0,1,0,0,0,0,0,1.0,0
43,the best of enemies,2019.0,tt4807408,0,0,0,0,0,0,0,0,0,0,0,0,0,1,0,0,1.0,0,0,0,0,0,0,0,0,0,1.0,0
44,the haunting of sharon tate,2019.0,tt7976208,0,0,1,0,0,0,0,0,0,0,0,0,0,0,0,0,1.0,0,0,0,1,0,0,0,0,0,0.0,0
45,the wind,2019.0,tt0019585,0,0,0,0,0,0,0,0,1,0,0,0,0,0,0,0,1.0,0,0,0,0,0,0,0,0,0,1.0,0
46,the silence,2019.0,tt7315484,0,0,1,0,0,0,0,0,0,0,0,0,0,0,1,0,1.0,0,0,0,0,0,0,0,0,0,1.0,0
47,hellboy,2019.0,tt0167190,0,1.0,0,0,0,0,0,0,0,0,1,0,0,0,0,1.0,0,0,1.0,0,0,0,0,0,0,0,1.0,0
48,little,2019.0,tt0449059,0,0,0,1,0,0,0,0,0,0,0,0,0,0,0,0,1.0,0,0,0,0,0,0,0,0,0,1.0,0
49,missing link,2019.0,tt6348138,0,0,0,1,0,0,0,0,0,0,0,0,0,0,0,0,0,0,1.0,0,0,0,0,0,0,1,0.0,0
50,after,2019.0,tt4126476,0,0,0,0,0,0,0,0,1,0,0,0,0,0,0,0,1.0,0,0,0,0,0,0,0,0,0,1.0,0
51,breakthrough,2019.0,tt7083526,0,0,0,0,0,0,0,0,0,0,0,0,0,1,0,0,1.0,0,0,0,0,0,0,0,0,0,1.0,0
53,the curse of la llorona,2019.0,tt4913966,0,0,1,0,0,0,0,0,0,0,0,0,0,0,0,0,0,0,0,1,1,0,0,0,0,0,0.0,0
54,family,2019.0,tt1442437,0,0,1,1,0,0,0,0,1,0,1,0,0,0,0,0,1.0,0,0,0,0,0,0,0,0,1,1.0,0
55,i spit on your grave: deja vu,2019.0,tt4058836,0,0,1,0,0,0,0,0,0,0,0,0,0,0,0,0,0,0,0,0,1,0,0,0,0,0,0.0,0
56,i trapped the devil,2019.0,tt8708304,0,0,1,0,0,0,0,0,0,0,0,0,0,0,0,0,1.0,0,0,1,0,0,0,0,0,0,0.0,0
57,body at brighton rock,2019.0,tt7942746,0,0,1,0,0,0,0,0,0,0,0,0,0,0,0,0,0,0,0,0,1,0,0,0,0,0,0.0,0
58,long shot,2019.0,tt2139881,0,0,0,1,0,0,0,0,1,0,0,0,0,0,0,0,0,0,0,0,0,0,0,0,0,0,0.0,0
59,the intruder,2019.0,tt6722030,0,0,1,0,0,0,0,1,0,0,0,0,0,0,0,0,1.0,0,0,1,1,0,0,0,0,0,0.0,0
60,uglydolls,2019.0,tt1946502,0,0,0,1,0,0,0,0,0,0,0,1,0,0,0,0,0,0,1.0,0,0,0,0,0,0,1,1.0,0
61,"extremely wicked, shockingly evil and vile",2019.0,tt2481498,0,0,0,0,0,0,0,0,0,0,0,0,0,1,0,0,1.0,0,0,0,1,0,1,0,0,0,1.0,0
62,pokémon detective pikachu,2019.0,tt5884052,0,0,0,1,0,0,0,0,0,0,1,0,0,0,0,1.0,0,0,1.0,1,0,0,0,0,0,0,1.0,0
63,the hustle,2019.0,tt1298644,0,0,0,1,0,0,0,0,0,0,0,0,0,0,0,0,0,0,0,0,0,0,1,0,0,0,0.0,0
64,tolkien,2019.0,tt3361792,0,0,0,0,0,0,0,0,0,0,0,0,0,1,0,0,1.0,0,0,0,0,0,0,0,0,0,0.0,0
65,poms,2019.0,tt5125894,0,0,0,1,0,0,0,0,0,0,0,0,0,0,0,0,1.0,0,0,0,0,0,0,0,0,0,0.0,0
66,the professor and the madman,2019.0,tt5932728,0,0,0,0,0,0,0,0,0,0,0,0,0,1,0,0,1.0,0,0,1,0,0,0,0,0,0,1.0,0
67,john wick: chapter 3 – parabellum,2019.0,tt6146586,0,0,0,0,0,0,0,0,0,0,0,0,0,0,0,1.0,0,0,0,0,1,0,1,0,0,0,1.0,0
68,a dog's journey,2019.0,tt8385474,0,0,0,1,0,0,0,0,0,0,0,0,0,0,0,0,1.0,0,0,0,0,0,0,0,0,0,1.0,0
69,the sun is also a star,2019.0,tt6423362,0,0,0,0,0,0,0,0,1,0,0,0,0,0,0,0,1.0,0,0,0,0,0,0,0,0,0,1.0,0
70,the professor,2019.0,tt6865690,0,0,0,1,0,0,0,0,0,0,0,0,0,1,0,0,1.0,0,0,0,0,0,0,0,0,0,1.0,0
71,the souvenir,2019.0,tt6920356,0,0,0,0,0,0,0,0,1,0,0,0,0,0,0,0,1.0,0,0,1,0,0,0,0,0,0,0.0,0
72,the tomorrow man,2019.0,tt8769848,0,0,0,0,0,0,0,0,1,0,0,0,0,0,0,0,1.0,0,0,0,0,0,0,0,0,0,0.0,0
73,brightburn,2019.0,tt7752126,0,1.0,1,0,0,0,0,0,0,0,0,0,0,0,0,0,1.0,0,0,1,0,0,0,0,0,0,0.0,0
74,booksmart,2019.0,tt1489887,0,0,0,1,0,0,0,0,0,0,0,0,0,0,0,0,0,0,0,0,0,0,0,0,0,0,0.0,0
75,always be my maybe,2019.0,tt7374948,0,0,0,1,0,0,0,0,1,0,0,0,0,0,0,0,0,0,0,0,0,0,0,0,0,0,0.0,0
76,godzilla: king of the monsters,2019.0,tt3741700,0,0,0,0,0,0,0,0,0,1,1,0,0,0,0,1.0,0,0,1.0,0,0,0,0,0,0,0,1.0,0
77,rocketman,2019.0,tt2066051,0,0,0,0,0,0,0,0,0,0,0,1,0,1,0,0,1.0,0,0,0,0,0,0,0,0,0,0.0,0
78,ma,2019.0,tt7958736,0,0,1,0,0,0,0,1,0,0,0,0,0,0,0,0,0,0,0,1,1,0,0,0,0,0,0.0,0
79,dark phoenix,2019.0,tt6565702,0,1.0,0,0,0,0,0,0,0,0,0,0,0,0,1,1.0,0,0,1.0,0,0,0,0,0,0,0,1.0,0
80,the secret life of pets 2,2019.0,tt5113040,0,0,0,1,0,0,0,0,0,0,0,0,0,0,0,0,0,0,1.0,0,0,0,0,0,0,1,0.0,0
81,late night,2019.0,tt6107548,0,0,0,1,0,0,0,0,0,0,0,0,0,0,0,0,1.0,0,0,0,0,0,0,0,0,0,0.0,0
82,the last black man in san francisco,2019.0,tt4353250,0,0,0,0,0,0,0,0,0,0,0,0,0,0,0,0,1.0,0,0,0,0,0,0,0,0,0,0.0,0
84,men in black: international,2019.0,tt2283336,0,0,0,1,0,0,0,0,0,0,0,0,0,0,1,1.0,0,0,1.0,0,0,0,0,0,0,0,1.0,0
85,shaft,2019.0,tt0162650,0,0,0,1,0,0,0,0,0,0,0,0,0,0,0,1.0,0,0,0,0,1,0,1,0,0,0,1.0,0
86,the dead don't die,2019.0,tt8695030,0,0,1,1,0,0,0,0,0,0,1,0,0,0,0,0,0,0,0,0,0,0,0,0,0,0,0.0,0
87,murder mystery,2019.0,tt1618434,0,0,0,1,0,0,0,0,0,0,0,0,0,0,0,1.0,0,0,0,1,0,0,1,0,0,0,0.0,0
88,plus one,2019.0,tt7645122,0,0,0,1,0,0,0,0,1,0,0,0,0,0,0,0,1.0,0,0,0,0,0,0,0,0,0,0.0,0
89,child's play,2019.0,tt0094862,0,0,1,0,0,0,0,0,0,0,0,0,0,0,0,0,0,0,0,0,1,0,0,0,0,0,1.0,0
90,annabelle comes home,2019.0,tt8350360,0,0,1,0,0,0,0,0,0,0,0,0,0,0,0,0,0,0,0,1,1,0,0,0,0,0,0.0,0
91,yesterday,2019.0,tt8079248,0,0,0,1,0,0,0,0,1,0,1,0,0,0,0,0,0,0,0,0,0,0,0,0,0,0,0.0,0
93,escape plan: the extractors,2019.0,tt6772804,0,0,0,0,0,0,0,0,0,0,0,0,0,0,0,1.0,0,0,0,0,1,0,1,0,0,0,0.0,0
94,midsommar,2019.0,tt8772262,0,0,1,0,0,0,0,0,0,0,0,0,0,0,0,0,1.0,0,0,1,0,0,0,0,0,0,0.0,0
95,stuber,2019.0,tt7734218,0,0,0,1,0,0,0,0,0,0,0,0,0,0,0,1.0,0,0,0,0,0,0,1,0,0,0,0.0,0
96,crawl,2019.0,tt8364368,0,0,1,0,0,0,0,0,0,0,0,0,0,0,0,1.0,1.0,1,0,0,0,0,0,0,0,0,0.0,0
97,the farewell,2019.0,tt8637428,0,0,0,1,0,0,0,0,0,0,0,0,0,0,0,0,1.0,0,0,0,0,0,0,0,0,0,1.0,0
98,once upon a time in hollywood,2019.0,tt7131622,0,0,0,0,0,0,0,0,0,0,0,0,0,0,0,0,0,0,0,0,0,0,0,0,1,0,0.0,0
99,the red sea diving resort,2019.0,tt4995776,0,0,0,0,1,0,0,0,0,0,0,0,0,0,0,0,1.0,0,0,0,1,0,0,0,1,0,0.0,0
100,fast & furious presents: hobbs & shaw,2019.0,tt1905041,0,0,0,0,0,0,0,0,0,0,0,0,0,0,0,1.0,0,0,1.0,0,1,0,0,0,0,0,0.0,0
101,a score to settle,2019.0,tt3758162,0,0,0,0,0,0,0,0,0,0,0,0,0,0,0,1.0,1.0,0,0,0,1,0,1,0,0,0,0.0,0
102,the operative,2019.0,tt8000718,0,0,0,0,0,0,0,0,0,0,0,0,0,0,0,0,0,0,0,0,1,0,0,0,0,0,1.0,0
103,dora and the lost city of gold,2019.0,tt7547410,0,0,0,1,0,0,0,0,0,0,0,0,0,0,0,1.0,0,0,1.0,0,0,0,0,0,0,0,1.0,0
104,the kitchen,2019.0,tt5822564,0,0,0,0,0,0,0,0,0,0,0,0,0,0,0,1.0,1.0,0,0,0,0,0,1,0,0,0,1.0,0
105,the art of racing in the rain,2019.0,tt1478839,0,0,0,1,0,0,0,0,1,0,0,0,0,0,0,0,1.0,0,0,0,0,0,0,0,0,0,1.0,0
106,scary stories to tell in the dark,2019.0,tt3387520,0,0,1,0,0,0,0,0,0,0,0,0,0,0,0,0,0,0,0,1,1,0,0,0,0,0,1.0,0
107,the peanut butter falcon,2019.0,tt4364194,0,0,0,1,0,0,0,0,0,0,0,0,0,0,0,0,1.0,0,1.0,0,0,0,0,0,0,0,0.0,0
108,after the wedding,2019.0,tt0457655,0,0,0,0,0,0,0,0,0,0,0,0,0,0,0,0,1.0,0,0,0,0,0,0,0,0,0,1.0,0
109,light of my life,2019.0,tt6063090,0,0,0,0,0,0,0,0,0,0,0,0,0,0,1,0,1.0,0,0,0,1,0,0,0,0,0,0.0,0
110,the angry birds movie 2,2019.0,tt6095472,0,0,0,1,0,0,0,0,0,0,0,0,0,0,0,0,0,0,1.0,0,0,0,0,0,0,1,1.0,0
111,blinded by the light,2019.0,tt8266310,0,0,0,1,0,0,0,0,0,0,0,0,0,0,0,0,1.0,0,0,0,0,0,0,0,0,0,1.0,0
112,good boys,2019.0,tt7343762,0,0,0,1,0,0,0,0,0,0,0,0,0,0,0,0,0,0,1.0,0,0,0,0,0,0,0,0.0,0
113,"where'd you go, bernadette",2019.0,tt2365580,0,0,0,1,0,0,0,0,0,0,0,0,0,0,0,0,1.0,0,0,1,0,0,0,0,0,0,1.0,0
114,47 meters down: uncaged,2019.0,tt7329656,0,0,1,0,0,0,0,0,0,0,0,0,0,0,0,0,1.0,0,1.0,0,0,0,0,0,0,0,0.0,0
115,ready or not,2019.0,tt7798634,0,0,1,1,0,0,0,0,0,0,0,0,0,0,0,0,0,0,0,1,1,0,0,0,0,0,0.0,0
116,angel has fallen,2019.0,tt6189022,0,0,0,0,0,0,0,0,0,0,0,0,0,0,0,1.0,0,0,0,0,1,0,0,0,0,0,1.0,0
117,brittany runs a marathon,2019.0,tt7671064,0,0,0,1,0,0,0,0,0,0,0,0,0,0,0,0,1.0,0,0,0,0,0,0,0,0,0,0.0,0
118,overcomer,2019.0,tt8186318,0,0,0,0,0,0,0,0,0,0,0,0,0,0,0,0,1.0,0,0,0,0,0,0,0,0,0,0.0,0
120,official secrets,2019.0,tt5431890,0,0,0,0,0,0,0,0,0,0,0,0,0,1,0,0,1.0,0,0,0,0,0,1,0,0,0,1.0,0
121,don't let go,2019.0,tt6803212,0,0,1,0,0,0,0,1,0,0,0,0,0,0,0,0,1.0,0,0,1,1,0,0,0,0,0,0.0,0
122,itsy bitsy,2019.0,tt6895284,0,0,1,0,0,0,0,0,0,0,1,0,0,0,0,0,0,0,0,1,0,0,0,0,0,0,0.0,0
123,the fanatic,2019.0,tt7869070,0,0,0,0,0,0,0,1,0,0,0,0,0,0,0,0,0,0,0,0,1,0,1,0,0,0,0.0,0
124,satanic panic,2019.0,tt8510350,0,0,1,1,0,0,0,0,0,0,0,0,0,0,0,0,0,0,0,0,0,0,0,0,0,0,0.0,0
125,the obituary of tunde johnson,2019.0,tt8815382,0,0,0,0,0,0,0,0,0,0,0,0,0,0,0,0,1.0,0,0,0,0,0,0,0,0,0,0.0,0
126,the goldfinch,2019.0,tt3864056,0,0,0,0,0,0,0,0,0,0,0,0,0,0,0,0,1.0,0,0,0,0,0,0,0,0,0,1.0,0
127,hustlers,2019.0,tt5503686,0,0,0,1,0,0,0,0,0,0,0,0,0,0,0,0,1.0,0,0,0,0,0,1,0,0,0,1.0,0
128,the sound of silence,2019.0,tt9352926,0,0,0,0,0,0,0,0,0,0,0,0,0,0,0,0,1.0,0,0,0,0,0,0,0,0,0,0.0,0
129,tall girl,2019.0,tt9252508,0,0,0,1,0,0,0,0,1,0,0,0,0,0,0,0,0,0,0,0,0,0,0,0,0,0,0.0,0
130,ad astra,2019.0,tt2935510,0,0,0,0,0,0,0,0,0,0,0,0,0,0,1,0,1.0,0,1.0,1,0,0,0,0,0,0,0.0,0
131,downton abbey,2019.0,tt1606375,0,0,0,0,0,1,0,0,1,0,0,0,0,0,0,0,1.0,0,0,0,0,0,0,0,0,0,1.0,0
132,rambo: last blood,2019.0,tt1206885,0,0,0,0,0,0,0,0,0,0,0,0,0,0,0,1.0,0,0,1.0,0,1,0,0,0,0,0,1.0,0
134,fractured,2019.0,tt4332232,0,0,0,0,0,0,0,1,0,0,0,0,0,0,0,0,0,0,0,1,1,0,0,0,0,0,0.0,0
135,abominable,2019.0,tt6324278,0,0,0,1,0,0,0,0,0,0,0,0,0,0,0,0,0,0,1.0,0,0,0,0,0,0,1,0.0,0
136,the laundromat,2019.0,tt5865326,0,0,0,1,0,0,0,0,0,0,0,0,0,1,0,0,1.0,0,0,0,0,0,1,0,0,0,1.0,0
137,judy,2019.0,tt7549996,0,0,0,0,0,0,0,0,1,0,0,0,0,1,0,0,1.0,0,0,0,0,0,0,0,0,0,1.0,0
138,joker,2019.0,tt7286456,0,0,0,0,0,0,0,1,0,0,0,0,0,0,0,0,1.0,0,0,0,1,0,1,0,0,0,1.0,0
139,lucy in the sky,2019.0,tt4682804,0,0,0,0,0,0,0,0,0,0,0,0,0,0,1,0,1.0,0,0,0,0,0,0,0,0,0,0.0,0
140,dolemite is my name,2019.0,tt8526872,0,0,0,1,0,0,0,0,0,0,0,0,0,1,0,0,1.0,0,0,0,0,0,0,0,0,0,0.0,0
141,in the tall grass,2019.0,tt4687108,0,0,1,0,0,0,0,0,0,0,0,0,0,0,0,0,1.0,0,0,0,1,0,0,0,0,0,1.0,0
142,low tide,2019.0,tt7434324,0,0,0,0,0,0,0,0,0,0,0,0,0,0,0,0,1.0,0,0,0,1,0,0,0,0,0,0.0,0
143,wrinkles the clown,2019.0,tt9097270,0,0,1,1,0,0,0,0,0,0,0,0,0,0,0,0,0,0,0,0,0,0,0,0,0,0,0.0,0
144,little monsters,2019.0,tt0097758,0,0,0,1,0,0,0,0,0,1,0,0,0,0,0,0,0,0,1.0,0,0,0,0,0,0,0,0.0,0
145,gemini man,2019.0,tt1025100,0,0,0,0,0,0,0,0,0,0,0,0,0,0,1,1.0,1.0,0,0,0,1,0,0,0,0,0,0.0,0
146,the addams family,2019.0,tt0101272,0,0,1,1,0,0,0,0,0,0,1,0,0,0,0,0,0,0,0,0,0,0,0,0,0,1,1.0,0
147,the king,2019.0,tt7984766,0,0,0,0,0,1,0,0,0,0,0,0,0,1,0,0,1.0,0,0,0,0,0,0,0,0,0,1.0,0
148,jexi,2019.0,tt9354944,0,0,0,1,0,0,0,0,1,0,0,0,0,0,0,0,0,0,0,0,0,0,0,0,0,0,0.0,0
149,el camino: a breaking bad movie,2019.0,tt9243946,0,0,0,0,0,0,0,0,0,0,0,0,0,0,0,1.0,1.0,0,0,0,1,0,1,0,0,0,1.0,0
150,maleficent: mistress of evil,2019.0,tt4777008,0,0,0,0,0,0,0,0,0,0,1,0,0,0,0,0,0,0,1.0,0,0,0,0,0,0,0,1.0,0
151,zombieland: double tap,2019.0,tt1560220,0,0,1,1,0,0,0,0,0,0,0,0,0,0,0,1.0,0,0,0,0,0,0,0,0,0,0,0.0,0
152,jojo rabbit,2019.0,tt2584384,0,0,0,1,0,0,0,0,0,0,0,0,0,0,0,0,1.0,0,0,0,0,0,0,0,0,0,1.0,0
153,the lighthouse,2019.0,tt7984734,0,0,1,0,0,0,0,1,0,0,1,0,0,0,0,0,1.0,0,0,0,0,0,0,0,1,0,0.0,0
154,wounds,2019.0,tt5913798,0,0,1,0,0,0,0,1,0,0,0,0,0,0,0,0,1.0,0,0,1,0,0,0,0,0,0,1.0,0
155,black and blue,2019.0,tt7390646,0,0,0,0,0,0,0,0,0,0,0,0,0,0,0,1.0,1.0,0,0,0,1,0,1,0,0,0,0.0,0
156,countdown,2019.0,tt10039344,0,0,1,0,0,0,0,0,0,0,0,0,0,0,0,0,0,0,0,0,1,0,0,0,0,0,0.0,0
157,the kill team,2019.0,tt6196936,0,0,0,0,0,0,1,0,0,0,0,0,0,0,0,1.0,1.0,0,0,0,1,0,0,0,0,0,0.0,0
159,terminator: dark fate,2019.0,tt6450804,0,0,0,0,0,0,0,0,0,0,0,0,0,0,1,1.0,0,0,1.0,0,0,0,0,0,0,0,1.0,0
160,motherless brooklyn,2019.0,tt0385887,0,0,0,0,0,0,0,0,0,0,0,0,0,0,0,0,1.0,0,0,1,0,0,1,0,1,0,1.0,0
161,the irishman,2019.0,tt1302006,0,0,0,0,0,0,0,0,0,0,0,0,0,1,0,0,1.0,0,0,0,0,0,1,1,0,0,1.0,0
162,harriet,2019.0,tt4648786,0,0,0,0,0,0,0,0,0,0,0,0,0,1,0,1.0,1.0,0,0,0,0,0,0,0,0,0,0.0,0
163,arctic dogs,2019.0,tt4426464,0,0,0,1,0,0,0,0,0,0,0,0,0,0,0,0,0,0,1.0,0,0,0,0,0,0,1,0.0,0
164,marriage story,2019.0,tt7653254,0,0,0,1,0,0,0,0,1,0,0,0,0,0,0,0,1.0,0,0,0,0,0,0,0,0,0,0.0,0
165,doctor sleep,2019.0,tt5606664,0,0,1,0,0,0,0,0,0,0,1,0,0,0,0,0,1.0,0,0,0,0,0,0,0,0,0,1.0,0
166,last christmas,2019.0,tt8623904,0,0,0,1,0,0,0,0,1,0,0,0,0,0,0,0,1.0,0,0,0,0,0,0,0,0,0,0.0,0
167,playing with fire,2019.0,tt9134216,0,0,0,1,0,0,0,0,0,0,0,0,0,0,0,0,0,0,0,0,0,0,0,0,0,0,0.0,0
168,midway,2019.0,tt0074899,0,0,0,0,0,0,1,0,0,0,0,0,0,0,0,1.0,1.0,0,0,0,0,0,0,0,0,0,0.0,0
169,klaus,2019.0,tt4729430,0,0,0,1,0,0,0,0,0,0,0,0,0,0,0,0,0,0,1.0,0,0,0,0,0,0,1,0.0,0
170,honey boy,2019.0,tt8151874,0,0,0,0,0,0,0,0,0,0,0,0,0,0,0,0,1.0,0,0,0,0,0,0,0,0,0,0.0,0
171,ford v ferrari,2019.0,tt1950186,0,0,0,0,0,0,0,0,0,0,0,0,0,1,0,1.0,1.0,0,0,0,0,0,0,0,1,0,0.0,0
172,charlie's angels,2019.0,tt0160127,0,0,0,1,0,0,0,0,0,0,0,0,0,0,0,1.0,0,0,1.0,0,0,0,0,0,0,0,1.0,0
173,the good liar,2019.0,tt5563334,0,0,0,0,0,0,0,0,0,0,0,0,0,0,0,0,1.0,0,0,1,1,0,1,0,0,0,1.0,0
174,the report,2019.0,tt8236336,0,0,0,0,0,0,0,0,0,0,0,0,0,1,0,0,1.0,0,0,0,0,0,1,0,0,0,0.0,0
175,waves,2019.0,tt8652728,0,0,0,0,0,0,0,0,1,0,0,0,0,0,0,0,1.0,0,0,0,0,0,0,0,0,0,0.0,0
176,a beautiful day in the neighborhood,2019.0,tt3224458,0,0,0,0,0,0,0,0,0,0,0,0,0,1,0,0,1.0,0,0,0,0,0,0,0,0,0,1.0,0
177,21 bridges,2019.0,tt8688634,0,0,0,0,0,0,0,0,0,0,0,0,0,0,0,1.0,1.0,0,0,0,1,0,1,0,0,0,0.0,0
178,dark waters,2019.0,tt0109550,0,0,1,0,0,0,0,0,0,0,0,0,0,0,0,0,0,0,0,1,1,0,0,0,0,0,1.0,0
179,knives out,2019.0,tt8946378,0,0,0,1,0,0,0,0,0,0,0,0,0,0,0,0,1.0,0,0,1,0,0,1,0,0,0,0.0,0
180,queen & slim,2019.0,tt3322420,0,0,0,1,0,0,0,0,1,0,0,0,0,0,0,0,1.0,0,0,0,0,0,0,0,0,0,0.0,0
181,the two popes,2019.0,tt8404614,0,0,0,1,0,0,0,0,0,0,0,0,0,1,0,0,1.0,0,0,0,0,0,0,0,0,0,1.0,0
182,playmobil: the movie,2019.0,tt4199898,0,0,0,1,0,0,0,0,0,0,0,1,0,0,0,0,0,0,1.0,0,0,0,0,0,0,1,1.0,0
183,the aeronauts,2019.0,tt6141246,0,0,0,0,0,0,0,0,0,0,0,0,0,1,0,1.0,0,0,1.0,0,0,0,0,0,0,0,0.0,0
184,daniel isn't real,2019.0,tt8745960,0,0,1,0,0,0,0,1,0,0,0,0,0,0,0,0,0,0,0,0,1,0,0,0,0,0,1.0,0
185,jumanji: the next level,2019.0,tt7975244,0,0,0,1,0,0,0,0,0,0,1,0,0,0,0,1.0,0,0,1.0,0,0,0,0,0,0,0,1.0,0
186,richard jewell,2019.0,tt3513548,0,0,0,0,0,0,0,0,0,0,0,0,0,1,0,0,1.0,0,0,0,0,0,0,0,0,0,1.0,0
187,black christmas,2019.0,tt0071222,0,0,1,0,0,0,0,0,0,0,0,0,0,0,0,0,0,0,0,1,1,0,0,0,0,0,1.0,1.0
188,6 underground,2019.0,tt8106534,0,0,0,1,0,0,0,0,0,0,0,0,0,0,0,1.0,0,0,1.0,0,1,0,0,0,0,0,0.0,0
189,bombshell,2019.0,tt0023825,0,0,0,1,0,0,0,0,1,0,0,0,0,0,0,0,1.0,0,0,0,0,0,0,0,0,0,0.0,0
190,uncut gems,2019.0,tt5727208,0,0,0,1,0,0,0,0,0,0,0,0,0,0,0,0,1.0,0,0,0,1,0,1,0,0,0,0.0,0
191,seberg,2019.0,tt1780967,0,0,0,0,0,0,0,0,0,0,0,0,1,1,0,0,1.0,0,0,0,1,0,0,0,0,0,0.0,0
192,a hidden life,2019.0,tt5827916,0,0,0,0,0,1,0,0,1,0,0,0,0,1,0,0,1.0,0,0,0,0,0,0,0,0,0,0.0,0
193,cats,2019.0,tt0173714,0,0,0,0,0,0,0,0,0,0,1,1,0,0,0,0,0,0,0,0,0,0,0,0,0,0,1.0,0
194,spies in disguise,2019.0,tt5814534,0,0,0,1,1,0,0,0,0,0,0,0,0,0,0,1.0,0,0,1.0,0,0,0,0,0,0,1,1.0,0
195,little women,2019.0,tt0110367,0,0,0,0,0,0,0,0,1,0,0,0,0,0,0,0,1.0,0,0,0,0,0,0,0,0,0,1.0,0
196,1917,2019.0,tt8579674,0,0,0,0,0,0,1,0,0,0,0,0,0,0,0,0,1.0,0,0,0,0,0,0,1,0,0,0.0,0
197,just mercy,2019.0,tt4916630,0,0,0,0,0,0,0,0,0,0,0,0,0,0,0,0,1.0,0,0,0,0,0,0,0,0,0,1.0,0
198,clemency,2019.0,tt5577494,0,0,0,0,0,0,0,0,0,0,0,0,0,0,0,0,1.0,0,0,0,0,0,0,0,0,0,0.0,0
199,dirty god,2019.0,tt7334342,0,0,0,0,0,0,0,0,0,0,0,0,0,0,0,0,1.0,0,0,0,0,0,0,0,0,0,0.0,0
200,beats,2019.0,tt8530978,0,0,0,0,0,0,0,0,0,0,0,0,0,0,0,0,1.0,0,0,0,0,0,0,0,0,0,0.0,0
201,the last tree,2019.0,tt7802246,0,0,0,0,0,0,0,0,0,0,0,0,0,0,0,0,1.0,0,0,0,0,0,0,0,0,0,0.0,0
202,the boy who harnessed the wind,2019.0,tt7533152,0,0,0,0,0,0,0,0,0,0,0,0,0,0,0,0,1.0,0,0,0,0,0,0,0,0,0,1.0,0
203,the hole in the ground,2019.0,tt6198946,0,0,1,0,0,0,0,0,0,0,0,0,0,0,0,0,0,0,0,1,0,0,0,0,0,0,0.0,0
204,the lodge,2019.0,tt0475323,0,0,1,0,0,0,0,0,0,0,0,0,0,0,0,0,0,0,0,0,1,0,0,0,0,0,0.0,0
205,the wolf hour,2019.0,tt5342950,0,0,0,0,0,0,0,1,0,0,0,0,0,0,0,0,1.0,0,0,1,1,0,0,0,0,0,0.0,0
206,animals,2019.0,tt3297554,0,0,0,0,0,0,0,0,0,0,0,0,0,0,0,0,1.0,0,0,0,0,0,0,0,0,0,0.0,0
207,the kindness of strangers,2019.0,tt6515910,0,0,0,0,0,0,0,0,0,0,0,0,0,0,0,0,1.0,0,0,0,0,0,0,0,0,0,0.0,0
208,bait,2019.0,tt1438173,0,0,0,0,0,0,0,0,0,0,0,0,0,0,0,1.0,1.0,0,1.0,0,0,0,0,0,0,0,0.0,0
209,lancaster skies,2019.0,tt3486080,0,0,0,0,0,0,1,0,0,0,0,0,0,0,0,1.0,1.0,0,0,0,0,0,0,0,0,0,0.0,0
211,pink wall,2019.0,tt7759300,0,0,0,0,0,0,0,0,1,0,0,0,0,0,0,0,1.0,0,0,0,0,0,0,0,0,0,0.0,0
212,the warrior queen of jhansi,2019.0,tt6916348,0,0,0,0,0,0,0,0,0,0,0,0,0,0,0,1.0,1.0,0,0,0,0,0,0,0,0,0,0.0,0
213,the day shall come,2019.0,tt7078658,0,0,0,1,0,0,0,0,0,0,0,0,0,0,0,0,0,0,0,0,0,0,1,0,0,0,0.0,0
214,fisherman's friends,2019.0,tt1648186,0,0,0,1,0,0,0,0,0,0,0,0,0,1,0,0,1.0,0,0,0,0,0,0,0,0,0,0.0,0
216,roads,2019.0,tt7303530,0,0,0,1,0,0,0,0,0,0,0,0,0,0,0,0,1.0,0,1.0,0,0,0,0,0,0,0,0.0,0
219,sorry we missed you,2019.0,tt8359816,0,0,0,0,0,0,0,0,0,0,0,0,0,0,0,0,1.0,0,0,0,0,0,0,0,0,0,0.0,0
220,little joe,2019.0,tt9204204,0,0,0,0,0,0,0,0,0,0,0,0,0,0,1,0,1.0,0,0,0,0,0,0,0,0,0,0.0,0
221,diego maradona,2019.0,tt5433114,0,0,0,0,0,0,0,0,0,0,0,0,0,1,0,0,0,0,0,0,0,0,0,0,1,0,0.0,0
222,avengement,2019.0,tt8836988,0,0,0,0,0,0,0,0,0,0,0,0,0,0,0,1.0,0,0,0,0,1,0,1,0,0,0,0.0,0
224,bittersweet symphony,2019.0,tt7561364,0,0,0,0,0,0,0,0,0,0,0,0,0,0,0,0,1.0,0,0,0,0,0,0,0,0,0,0.0,0
225,monsoon,2019.0,tt0180846,0,0,0,0,0,0,0,0,1,0,0,0,0,0,0,0,1.0,0,0,0,0,0,0,0,0,0,0.0,0
226,mrs lowry & son,2019.0,tt7590074,0,0,0,0,0,0,0,0,0,0,0,0,0,1,0,0,1.0,0,0,0,0,0,0,0,0,0,0.0,0
228,horrible histories: the movie – rotten romans,2019.0,tt7715070,0,0,0,1,0,0,0,0,0,0,0,0,0,0,0,0,0,0,0,0,0,0,0,0,0,0,1.0,0
229,the informer,2019.0,tt0026529,0,0,0,0,0,0,0,0,0,0,0,0,0,0,0,0,1.0,0,0,0,1,0,1,0,0,0,1.0,0
230,three seconds,2019.0,tt5987402,0,0,0,0,0,0,0,0,0,0,0,0,0,0,0,0,1.0,0,0,0,1,0,1,0,0,0,1.0,0
232,tell me who i am,2019.0,tt10915286,0,0,0,0,0,0,0,0,0,0,0,0,0,0,0,0,1.0,0,0,1,0,0,0,0,0,0,0.0,1.0
235,moffie,2019.0,tt10699362,0,0,0,0,0,0,1,0,1,0,0,0,0,1,0,0,1.0,0,0,0,0,0,0,0,0,0,1.0,0
236,the personal history of david copperfield,2019.0,tt6439020,0,0,0,1,0,0,0,0,0,0,0,0,0,0,0,0,1.0,0,0,0,0,0,0,0,0,0,1.0,0
237,david copperfield,2019.0,tt0167872,0,0,0,1,0,0,0,0,0,0,0,0,0,0,0,0,1.0,0,0,0,0,0,0,0,0,0,1.0,0
239,hope gap,2019.0,tt7587876,0,0,0,0,0,0,0,0,1,0,0,0,0,0,0,0,1.0,0,0,0,0,0,0,0,0,0,1.0,0
240,military wives,2019.0,tt8951692,0,0,0,1,0,0,0,0,0,0,0,0,0,0,0,0,1.0,0,0,0,0,0,0,0,0,0,0.0,0
241,roger waters: us + them,2019.0,tt10121372,0,0,0,0,0,0,0,0,0,0,0,0,0,0,0,0,0,0,0,0,0,0,0,0,0,0,0.0,1.0
242,greed,2019.0,tt0015881,0,0,0,0,0,0,0,0,0,0,0,0,0,0,0,0,1.0,0,0,0,1,0,0,0,0,0,0.0,1.0
243,how to build a girl,2019.0,tt4193072,0,0,0,1,0,0,0,0,0,0,0,0,0,0,0,0,0,0,0,0,0,0,0,0,0,0,1.0,0
245,saint maud,2019.0,tt7557108,0,0,1,0,0,0,0,1,0,0,0,0,0,0,0,0,1.0,0,0,1,0,0,0,0,0,0,0.0,0
247,ordinary love,2019.0,tt0269267,0,0,0,0,0,0,0,0,1,0,0,0,0,0,0,0,1.0,0,0,0,0,0,0,0,0,0,0.0,1.0
248,radioactive,2019.0,tt6017756,0,0,0,0,0,0,0,0,1,0,0,0,0,1,0,0,1.0,0,0,0,0,0,0,0,0,0,1.0,0
249,a shaun the sheep movie: farmageddon,2019.0,tt6193408,0,0,0,1,0,0,0,0,0,0,0,0,0,0,1,0,0,0,1.0,0,0,0,0,0,0,1,1.0,0
250,shaun the sheep,2019.0,tt0983983,0,0,0,1,0,0,0,0,0,0,0,0,0,0,1,0,0,0,0,0,0,0,0,0,0,1,1.0,0
251,shaun the sheep movie,2019.0,tt2872750,0,0,0,1,0,0,0,0,0,0,0,0,0,0,1,0,0,0,1.0,0,0,0,0,0,0,1,1.0,0
252,the queen's corgi,2019.0,tt6563576,0,0,0,1,0,0,0,0,0,0,0,0,0,0,0,0,0,0,0,0,0,0,0,0,0,1,0.0,0
253,robert the bruce,2019.0,tt8000908,0,0,0,0,0,1,0,0,0,0,0,0,0,0,0,0,1.0,0,0,0,0,0,0,0,0,0,0.0,1.0
