,imdbID,title,year,n_votes,imdb_rating,budget,box_office,cast,genre,running_time,inflation_factor,budget_adjusted,budget_per_actor,budget_per_time,runtime_per_actor,percent_revenue,total_ratings,book,sup,hor,com,spy,his,war,psy,rom,mon,fan,mus,pol,bio,sci,act,dra,dis,adv,mys,thr,dys,cri,epi,oth,ani,based_on_book,other,prescore,postscore,precount_wins,precount_noms,box_office_adjusted
0,tt4154796,avengers: endgame,2019,613329,8.5,356.0,2798.0,16.0,4,181.0,0.3921568627450981,139.60784313725492,8.725490196078432,0.7713140504820714,11.3125,685.9550561797754,5213.2965,0,1.0,0,0,0,0,0,0,0,0,0,0,0,0,0,1.0,1.0,0,1.0,0,0,0,0,0,0,0,1.0,0.0,12.4,0.0,2,14,1097.2549019607845
1,tt1979376,toy story 4,2019,135006,7.9,200.0,1073.0,13.0,3,100.0,0.3921568627450981,78.43137254901961,6.03318250377074,0.7843137254901962,7.6923076923076925,436.5,1066.5474000000004,0,0.0,0,1,0,0,0,0,0,0,0,0,0,0,0,0.0,0.0,0,1.0,0,0,0,0,0,0,1,0.0,0.0,16.499999999999996,0.0,3,9,420.7843137254902
2,tt4154664,captain marvel,2019,380206,6.9,175.0,1128.0,10.0,4,124.0,0.3921568627450981,68.62745098039217,6.862745098039217,0.5534471853257433,12.4,544.5714285714287,2623.4214,0,1.0,0,0,0,0,0,0,0,0,0,0,0,0,1,1.0,0.0,0,1.0,0,0,0,0,0,0,0,1.0,0.0,6.800000000000002,0.0,1,10,442.35294117647067
3,tt6320628,spider-man: far from home,2019,238917,7.6,160.0,1132.0,10.0,4,129.0,0.3921568627450981,62.74509803921569,6.274509803921569,0.4863961088311294,12.9,607.5000000000001,1815.7692,0,1.0,0,0,0,0,0,0,0,0,0,0,0,0,1,1.0,0.0,0,1.0,0,0,0,0,0,0,0,1.0,0.0,5.911111111111111,0.0,1,6,443.92156862745105
4,tt4520988,frozen ii,2019,12874,7.3,150.0,1041.0,4.0,5,103.0,0.3921568627450981,58.82352941176471,14.705882352941178,0.5711022272986865,25.75,594.0000000000001,93.9802,0,0.0,0,1,0,0,0,0,0,0,1,1,0,0,0,0.0,0.0,0,1.0,0,0,0,0,0,0,1,0.0,0.0,0.0,0.0,0,0,408.23529411764713
5,tt0103639,aladdin,2019,339486,8.0,183.0,1051.0,7.0,4,128.0,0.3921568627450981,71.76470588235296,10.252100840336137,0.5606617647058825,18.285714285714285,474.3169398907103,2715.888,0,0.0,0,1,0,0,0,0,0,0,1,1,0,0,0,0.0,0.0,0,1.0,0,0,0,0,0,0,0,1.0,0.0,0.4,0.0,0,2,412.15686274509807
6,tt7349950,it chapter two,2019,127076,6.7,79.0,472.1,8.0,3,169.0,0.3921568627450981,30.98039215686275,3.8725490196078436,0.18331592992226478,21.125,497.59493670886076,851.4092,0,0.0,1,0,0,0,0,0,0,0,1,0,0,0,0,0.0,1.0,0,0.0,0,0,0,0,0,0,0,1.0,0.0,0.4,0.0,0,2,185.13725490196083
7,tt6857112,us,2019,164411,6.9,20.0,255.1,4.0,3,116.0,0.3921568627450981,7.843137254901961,1.9607843137254903,0.0676132521974307,29.0,1175.5,1134.4359000000004,0,0.0,1,0,0,0,0,0,0,0,0,0,0,0,0,0.0,0.0,0,0.0,1,1,0,0,0,0,0,0.0,0.0,10.43611111111111,0.0,2,4,100.03921568627452
8,tt5886046,escape room,2019,61485,6.3,9.0,155.7,7.0,4,100.0,0.3921568627450981,3.5294117647058827,0.504201680672269,0.03529411764705883,14.285714285714286,1629.9999999999998,387.3555,0,0.0,1,0,0,0,0,1,0,0,0,0,0,0,0,1.0,0.0,0,1.0,0,0,0,0,0,0,0,0.0,0.0,0.0,0.0,0,0,61.05882352941177
9,tt7616798,a dog's way home,2019,10770,6.7,18.0,76.1,6.0,2,96.0,0.3921568627450981,7.0588235294117645,1.1764705882352942,0.07352941176470588,16.0,322.77777777777777,72.15899999999999,0,0.0,0,0,0,0,0,0,0,0,0,0,0,0,0,0.0,1.0,0,1.0,0,0,0,0,0,0,0,1.0,0.0,0.2,0.0,0,1,29.84313725490196
10,tt2728784,after darkness,2019,408,3.3,,,3.0,2,98.0,0.3921568627450981,7.787930738924395,2.5959769129747983,0.0794686810094326,32.666666666666664,35.786786792271066,1.3463999999999998,0,0.0,0,0,0,0,0,0,0,0,0,0,0,0,1,0.0,1.0,0,0.0,0,0,0,0,0,0,0,0.0,0.0,0.0,0.0,0,0,10.574980907993009
11,tt6823368,glass,2019,171937,6.7,20.0,247.0,5.0,5,129.0,0.3921568627450981,7.843137254901961,1.5686274509803924,0.06079951360389117,25.8,1135.0000000000002,1151.9779,0,1.0,0,0,0,0,0,1,0,0,0,0,0,0,1,0.0,1.0,0,0.0,0,1,0,0,0,0,0,0.0,0.0,0.625,0.0,0,4,96.86274509803923
12,tt5316540,close,2019,17089,5.6,,,4.0,3,94.0,0.3921568627450981,9.871064876362134,2.4677662190905334,0.10501132847193759,23.5,47.04115785899887,95.6984,0,0.0,0,0,0,0,0,0,0,0,0,0,0,0,0,1.0,1.0,0,0.0,0,1,0,0,0,0,0,0.0,0.0,0.0,0.0,0,0,14.514528087215837
13,tt6811018,the kid who would be king,2019,11417,6.0,59.0,32.1,4.0,3,120.0,0.3921568627450981,23.137254901960787,5.784313725490197,0.1928104575163399,30.0,-45.59322033898305,68.502,0,0.0,0,0,0,0,0,0,0,0,1,0,0,0,0,1.0,0.0,0,1.0,0,0,0,0,0,0,0,0.0,0.0,0.5472222222222223,0.0,0,4,12.588235294117649
14,tt0379786,serenity,2019,273879,7.8,25.0,14.4,5.0,6,106.0,0.3921568627450981,9.803921568627453,1.9607843137254908,0.09248982611912691,21.2,-42.4,2136.2562,0,0.0,0,0,0,0,0,0,0,0,1,0,0,0,1,1.0,0.0,0,1.0,1,1,0,0,0,0,0,0.0,0.0,10.9,0.0,2,5,5.647058823529413
15,tt1911600,miss bala,2019,8286,6.5,15.0,15.4,3.0,4,104.0,0.3921568627450981,5.882352941176473,1.960784313725491,0.0565610859728507,34.666666666666664,2.666666666666641,53.858999999999995,0,0.0,0,0,0,0,0,0,0,0,0,0,0,0,0,1.0,1.0,0,0.0,0,1,0,1,0,0,0,0.0,0.0,0.0,0.0,0,0,6.0392156862745106
16,tt7043012,velvet buzzsaw,2019,45626,5.7,21.2,,9.0,3,113.0,0.3921568627450981,8.313725490196079,0.9237472766884532,0.07357279194863786,12.555555555555555,300.82657770324624,260.0682,0,0.0,1,0,0,0,0,0,0,0,0,0,0,0,0,0.0,0.0,0,0.0,1,1,0,0,0,0,0,0.0,0.0,1.0666666666666669,0.0,0,6,33.32362136199538
17,tt3513498,the lego movie 2: the second part,2019,41571,6.7,99.0,191.3,9.0,5,107.0,0.3921568627450981,38.82352941176471,4.313725490196079,0.3628367234744365,11.88888888888889,93.23232323232324,278.52570000000003,0,0.0,0,1,0,0,0,0,0,0,0,1,0,0,0,1.0,0.0,0,1.0,0,0,0,0,0,0,1,1.0,0.0,0.0,0.0,0,0,75.01960784313727
18,tt7634968,what men want,2019,14832,5.1,20.0,72.2,5.0,3,117.0,0.3921568627450981,7.843137254901961,1.5686274509803924,0.06703536115300822,23.4,261.00000000000006,75.6432,0,0.0,0,1,0,0,0,0,1,0,1,0,0,0,0,0.0,0.0,0,0.0,0,0,0,0,0,0,0,1.0,0.0,0.2,0.0,0,1,28.313725490196084
19,tt5719748,cold pursuit,2019,43117,6.2,60.0,76.3,8.0,4,118.0,0.3921568627450981,23.52941176470589,2.9411764705882364,0.19940179461615162,14.75,27.166666666666632,267.3254,0,0.0,0,0,0,0,0,0,0,0,0,0,0,0,0,1.0,1.0,0,0.0,0,1,0,1,0,0,0,1.0,0.0,0.8,0.0,0,4,29.921568627450984
20,tt8128188,high flying bird,2019,5786,6.2,2.0,,7.0,1,91.0,0.3921568627450981,0.7843137254901962,0.11204481792717089,0.008618832148243914,13.0,-1809.8117979255542,35.87320000000001,0,0.0,0,0,0,0,0,0,0,0,0,0,0,0,0,0.0,1.0,0,0.0,0,0,0,0,0,0,0,0.0,0.0,5.3,0.0,1,2,-13.410288611180817
21,tt4504044,the prodigy,2019,16975,5.9,6.0,21.2,3.0,2,92.0,0.3921568627450981,2.3529411764705888,0.7843137254901963,0.025575447570332487,30.666666666666668,253.3333333333333,100.1525,0,0.0,1,0,0,0,0,0,0,0,0,0,0,0,0,0.0,0.0,0,0.0,0,1,0,0,0,0,0,0.0,0.0,0.0,0.0,0,0,8.313725490196079
22,tt2452244,isn't it romantic,2019,51478,5.9,31.0,48.8,4.0,3,89.0,0.3921568627450981,12.15686274509804,3.03921568627451,0.13659396342806787,22.25,57.41935483870969,303.7202000000001,0,0.0,0,1,0,0,0,0,1,0,1,0,0,0,0,0.0,0.0,0,0.0,0,0,0,0,0,0,0,0.0,0.0,0.0,0.0,0,0,19.137254901960787
23,tt8155288,happy death day 2u,2019,41804,6.2,9.0,64.5,5.0,4,100.0,0.3921568627450981,3.5294117647058827,0.7058823529411765,0.03529411764705883,20.0,616.6666666666666,259.1848,0,0.0,1,1,0,0,0,0,0,0,0,0,0,0,1,0.0,0.0,0,0.0,1,0,0,0,0,0,0,1.0,0.0,0.125,0.0,0,1,25.294117647058826
24,tt2386490,how to train your dragon: the hidden world,2019,80386,7.5,129.0,520.0,7.0,4,104.0,0.3921568627450981,50.58823529411765,7.226890756302522,0.4864253393665159,14.857142857142858,303.1007751937984,602.895,0,0.0,0,0,0,0,0,0,0,0,1,0,0,0,0,1.0,0.0,0,1.0,0,0,0,0,0,0,1,1.0,0.0,14.4,0.0,3,7,203.921568627451
25,tt6513120,fighting with my family,2019,43257,7.1,11.0,39.1,6.0,3,108.0,0.3921568627450981,4.313725490196078,0.7189542483660131,0.03994190268700072,18.0,255.45454545454552,307.1247,0,0.0,0,1,0,0,0,0,0,0,0,0,0,1,0,0.0,1.0,0,0.0,0,0,0,0,0,0,0,1.0,0.0,0.0,0.0,0,0,15.333333333333336
26,tt1488606,triple frontier,2019,86081,6.5,115.0,,5.0,3,125.0,0.3921568627450981,45.09803921568629,9.019607843137258,0.36078431372549036,25.0,245.18670813416642,559.5265,0,0.0,0,0,0,0,0,0,0,0,0,0,0,0,0,1.0,0.0,0,1.0,0,0,0,1,0,0,0,0.0,0.0,5.4222222222222225,0.0,1,4,155.67243700168297
27,tt0012349,the kid,2019,102162,8.3,7.0,1.6,5.0,4,100.0,0.3921568627450981,2.7450980392156867,0.5490196078431373,0.027450980392156866,20.0,-77.14285714285714,847.9446,0,0.0,0,1,0,0,0,0,0,0,0,0,0,1,0,1.0,1.0,0,0.0,0,0,0,0,0,0,0,0.0,0.0,0.4,0.0,0,2,0.627450980392157
28,tt6428676,wonder park,2019,6729,5.8,100.0,119.6,8.0,3,85.0,0.3921568627450981,39.215686274509814,4.901960784313727,0.4613610149942331,10.625,19.59999999999998,39.0282,0,0.0,0,1,0,0,0,0,0,0,0,0,0,0,0,0.0,0.0,0,1.0,0,0,0,0,0,0,1,0.0,0.0,0.0,0.0,0,0,46.90196078431373
29,tt5968394,captive state,2019,40817,6.0,25.0,8.8,5.0,4,109.0,0.3921568627450981,9.803921568627453,1.9607843137254908,0.0899442345745638,21.8,-64.8,244.90200000000002,0,0.0,0,0,0,0,0,0,0,0,0,0,0,0,1,0.0,1.0,0,0.0,0,1,0,1,0,0,0,0.0,0.0,0.2,0.0,0,1,3.4509803921568634
30,tt8323104,nancy drew and the hidden staircase,2019,2237,5.7,,,3.0,4,89.0,0.3921568627450981,3.7889907444633835,1.2629969148211277,0.04257292971307172,29.666666666666668,-376.6966805675763,12.7509,0,0.0,0,1,0,0,0,0,0,0,0,0,0,0,0,0.0,1.0,0,0.0,1,0,0,1,0,0,0,1.0,0.0,0.0,0.0,0,0,-10.48401161694288
31,tt5977276,the aftermath,2019,10804,6.3,,9.2,3.0,2,108.0,0.3921568627450981,10.94691734427849,3.6489724480928296,0.10136034578035638,36.0,-67.0423825832523,68.06519999999999,0,0.0,0,0,0,0,0,0,1,0,0,0,0,0,0,0.0,1.0,0,0.0,0,0,0,0,0,0,0,1.0,0.0,1.0,0.0,0,5,3.607843137254902
32,tt6472976,five feet apart,2019,25815,7.2,7.0,91.5,3.0,2,116.0,0.3921568627450981,2.7450980392156867,0.9150326797385623,0.023664638269100747,38.666666666666664,1207.1428571428573,185.868,0,0.0,0,0,0,0,0,0,1,0,0,0,0,0,0,0.0,1.0,0,0.0,0,0,0,0,0,0,0,0.0,0.0,0.0,0.0,0,0,35.88235294117648
33,tt1860242,the highwaymen,2019,56731,6.9,49.0,,7.0,3,132.0,0.3921568627450981,19.21568627450981,2.745098039215687,0.14557338086749858,18.857142857142858,332.9692641303156,391.4439,0,0.0,0,0,0,0,0,0,0,0,0,0,0,1,0,0.0,1.0,0,0.0,0,0,0,1,0,0,0,0.0,0.0,11.2,0.0,2,6,83.19801546033517
34,tt6643972,triple threat,2019,7270,5.5,,,8.0,2,96.0,0.3921568627450981,19.727361891592075,2.4659202364490094,0.20549335303741745,12.0,163.75419778602176,39.985,0,0.0,0,0,0,0,0,0,0,0,0,0,0,0,0,1.0,0.0,0,0.0,0,1,0,0,0,0,0,0.0,0.0,0.0,0.0,0,0,52.03174510151405
35,tt0800325,the dirt,2019,32198,7.0,,,5.0,3,108.0,0.3921568627450981,13.038900112824479,2.6077800225648957,0.12073055660022665,21.6,197.81965710668493,225.386,0,0.0,0,1,0,0,0,0,0,0,0,0,0,1,0,0.0,1.0,0,0.0,0,0,0,0,0,0,0,1.0,0.0,0.0,0.0,0,0,38.832407606497014
36,tt0033563,dumbo,2019,111700,7.2,170.0,353.3,5.0,3,112.0,0.3921568627450981,66.66666666666667,13.333333333333334,0.5952380952380952,22.4,107.82352941176471,804.24,0,0.0,0,0,0,0,0,0,0,0,1,0,0,0,0,0.0,1.0,0,1.0,0,0,0,0,0,0,0,1.0,0.0,6.000000000000001,0.0,1,5,138.54901960784315
37,tt6511932,the beach bum,2019,12210,5.5,5.0,4.6,7.0,1,95.0,0.3921568627450981,1.9607843137254903,0.2801120448179272,0.02063983488132095,13.571428571428571,-8.000000000000005,67.155,0,0.0,0,1,0,0,0,0,0,0,0,0,0,0,0,0.0,0.0,0,0.0,0,0,0,0,0,0,0,0.0,0.0,5.4,0.0,1,2,1.803921568627451
38,tt9024106,unplanned,2019,10393,5.8,6.0,21.0,3.0,2,106.0,0.3921568627450981,2.3529411764705888,0.7843137254901963,0.02219755826859046,35.333333333333336,249.99999999999994,60.2794,0,0.0,0,0,0,0,0,0,0,0,0,0,0,1,0,0.0,1.0,0,0.0,0,0,0,0,0,0,0,1.0,0.0,0.0,0.0,0,0,8.23529411764706
39,tt0448115,shazam!,2019,191410,7.1,100.0,364.6,6.0,4,132.0,0.3921568627450981,39.215686274509814,6.535947712418302,0.2970885323826501,22.0,264.59999999999997,1359.011,0,1.0,0,1,0,0,0,0,0,0,0,0,0,0,0,1.0,0.0,0,1.0,0,0,0,0,0,0,0,1.0,0.0,0.4,0.0,0,2,142.98039215686276
40,tt0098084,pet sematary,2019,88234,6.6,21.0,112.4,3.0,2,101.0,0.3921568627450981,8.23529411764706,2.7450980392156867,0.08153756552125802,33.666666666666664,435.23809523809524,582.3444000000002,0,0.0,1,0,0,0,0,0,0,0,0,0,0,0,0,0.0,0.0,0,0.0,0,1,0,0,0,0,0,1.0,0.0,0.4,0.0,0,2,44.078431372549026
41,tt4807408,the best of enemies,2019,4956,7.0,10.0,10.2,2.0,2,133.0,0.3921568627450981,3.9215686274509807,1.9607843137254903,0.02948547840188707,66.5,1.9999999999999927,34.692,0,0.0,0,0,0,0,0,0,0,0,0,0,0,1,0,0.0,1.0,0,0.0,0,0,0,0,0,0,0,1.0,0.0,5.2,0.0,1,2,4.0
42,tt7976208,the haunting of sharon tate,2019,2349,2.9,,,5.0,3,94.0,0.3921568627450981,2.5911705841747334,0.5182341168349467,0.027565644512497163,18.8,-378.60104111723103,6.812099999999999,0,0.0,1,0,0,0,0,0,0,0,0,0,0,0,0,0.0,1.0,0,0.0,0,1,0,0,0,0,0,0.0,0.0,0.0,0.0,0,0,-7.219028224634243
43,tt0019585,the wind,2019,5573,8.3,,,1.0,2,113.0,0.3921568627450981,11.20575074334311,11.20575074334311,0.09916593578179743,113.0,195.77423841562705,46.2559,0,0.0,0,0,0,0,0,0,1,0,0,0,0,0,0,0.0,1.0,0,0.0,0,0,0,0,0,0,0,1.0,0.0,0.2,0.0,0,1,33.14372391987655
44,tt7315484,the silence,2019,28594,5.2,,2.3,4.0,3,90.0,0.3921568627450981,8.734527113236531,2.183631778309133,0.09705030125818367,22.5,-89.67361629747681,148.6888,0,0.0,1,0,0,0,0,0,0,0,0,0,0,0,1,0.0,1.0,0,0.0,0,0,0,0,0,0,0,1.0,0.0,0.2,0.0,0,1,0.9019607843137255
45,tt0167190,hellboy,2019,295290,6.8,50.0,44.6,6.0,4,121.0,0.3921568627450981,19.607843137254907,3.267973856209151,0.16204829039053642,20.166666666666668,-10.800000000000013,2007.9720000000002,0,1.0,0,0,0,0,0,0,0,0,1,0,0,0,0,1.0,0.0,0,1.0,0,0,0,0,0,0,0,1.0,0.0,0.4,0.0,0,2,17.490196078431374
46,tt0449059,little,2019,417807,7.8,40.0,,12.0,2,135.0,0.3921568627450981,15.686274509803926,1.3071895424836606,0.1161946259985476,11.25,414.61259731787686,3258.8946,0,0.0,0,1,0,0,0,0,0,0,0,0,0,0,0,0.0,1.0,0,0.0,0,0,0,0,0,0,0,1.0,0.0,25.211111111111112,0.0,4,27,80.72354467731404
47,tt6348138,missing link,2019,9967,6.7,100.0,26.2,3.0,3,94.0,0.3921568627450981,39.215686274509814,13.071895424836605,0.4171881518564874,31.333333333333332,-73.80000000000001,66.77890000000001,0,0.0,0,1,0,0,0,0,0,0,0,0,0,0,0,0.0,0.0,0,1.0,0,0,0,0,0,0,1,0.0,0.0,0.2,0.0,0,1,10.27450980392157
48,tt4126476,after,2019,21681,5.4,14.0,69.5,2.0,2,106.0,0.3921568627450981,5.4901960784313735,2.7450980392156867,0.05179430262671107,53.0,396.4285714285714,117.0774,0,0.0,0,0,0,0,0,0,1,0,0,0,0,0,0,0.0,1.0,0,0.0,0,0,0,0,0,0,0,1.0,0.0,0.0,0.0,0,0,27.254901960784316
49,tt7083526,breakthrough,2019,5035,6.2,14.0,50.4,7.0,2,116.0,0.3921568627450981,5.4901960784313735,0.7843137254901962,0.047329276538201494,16.571428571428573,259.99999999999994,31.217,0,0.0,0,0,0,0,0,0,0,0,0,0,0,1,0,0.0,1.0,0,0.0,0,0,0,0,0,0,0,1.0,0.0,0.0,0.0,0,0,19.764705882352942
50,tt4913966,the curse of la llorona,2019,26787,5.4,9.0,122.1,3.0,3,93.0,0.3921568627450981,3.5294117647058827,1.1764705882352942,0.037950664136622396,31.0,1256.6666666666665,144.64980000000003,0,0.0,1,0,0,0,0,0,0,0,0,0,0,0,0,0.0,0.0,0,0.0,1,1,0,0,0,0,0,0.0,0.0,0.0,0.0,0,0,47.88235294117647
51,tt1442437,family,2019,319640,8.4,24.0,190.4,8.0,6,87.0,0.3921568627450981,9.411764705882355,1.1764705882352944,0.10818120351588914,10.875,693.3333333333331,2684.9759999999997,0,0.0,1,1,0,0,0,0,1,0,1,0,0,0,0,0.0,1.0,0,0.0,0,0,0,0,0,0,1,1.0,0.0,10.6,0.0,2,3,74.66666666666667
52,tt4058836,i spit on your grave: deja vu,2019,1335,2.4,,,3.0,2,148.0,0.3921568627450981,28.355129196472475,9.451709732157491,0.19158871078697617,49.333333333333336,331.60939714137345,3.2039999999999997,0,0.0,1,0,0,0,0,0,0,0,0,0,0,0,0,0.0,0.0,0,0.0,0,1,0,0,0,0,0,0.0,0.0,0.0,0.0,0,0,122.38340218355242
53,tt8708304,i trapped the devil,2019,1217,4.8,,,5.0,3,82.0,0.3921568627450981,-2.3162331130816725,-0.4632466226163345,-0.028246745281483812,16.4,1366.2911909109691,5.8416,0,0.0,1,0,0,0,0,0,0,0,0,0,0,0,0,0.0,1.0,0,0.0,1,0,0,0,0,0,0,0.0,0.0,0.0,0.0,0,0,-33.96272209807947
54,tt7942746,body at brighton rock,2019,864,4.6,,,8.0,2,87.0,0.3921568627450981,7.873955755732929,0.9842444694666161,0.09050523857164286,10.875,-20.331481086233875,3.9744,0,0.0,1,0,0,0,0,0,0,0,0,0,0,0,0,0.0,0.0,0,0.0,0,1,0,0,0,0,0,0.0,0.0,0.0,0.0,0,0,6.273063930517665
55,tt2139881,long shot,2019,56821,6.9,40.0,53.4,7.0,2,125.0,0.3921568627450981,15.686274509803926,2.240896358543418,0.1254901960784314,17.857142857142858,33.499999999999986,392.0649,0,0.0,0,1,0,0,0,0,1,0,0,0,0,0,0,0.0,0.0,0,0.0,0,0,0,0,0,0,0,0.0,0.0,5.2,0.0,1,1,20.94117647058824
56,tt6722030,the intruder,2019,8093,5.5,8.0,36.6,4.0,5,102.0,0.3921568627450981,3.1372549019607847,0.7843137254901962,0.030757400999615537,25.5,357.50000000000006,44.5115,0,0.0,1,0,0,0,0,1,0,0,0,0,0,0,0,0.0,1.0,0,0.0,1,1,0,0,0,0,0,0.0,0.0,0.0,0.0,0,0,14.35294117647059
57,tt1946502,uglydolls,2019,3774,4.8,53.0,32.5,12.0,4,87.0,0.3921568627450981,20.784313725490197,1.7320261437908497,0.23890015776425513,7.25,-38.679245283018865,18.1152,0,0.0,0,1,0,0,0,0,0,0,0,1,0,0,0,0.0,0.0,0,1.0,0,0,0,0,0,0,1,1.0,0.0,0.0,0.0,0,0,12.745098039215687
58,tt2481498,"extremely wicked, shockingly evil and vile",2019,59293,6.6,,9.88,6.0,4,108.0,0.3921568627450981,14.237923810641021,2.3729873017735037,0.13183262787630576,18.0,-72.7873961439106,391.3338,0,0.0,0,0,0,0,0,0,0,0,0,0,0,1,0,0.0,1.0,0,0.0,0,1,0,1,0,0,0,1.0,0.0,0.5666666666666667,0.0,0,3,3.8745098039215695
59,tt5884052,pokémon detective pikachu,2019,105639,6.7,150.0,431.7,8.0,5,104.0,0.3921568627450981,58.82352941176471,7.352941176470589,0.5656108597285068,13.0,187.8,707.7813000000001,0,0.0,0,1,0,0,0,0,0,0,1,0,0,0,0,1.0,0.0,0,1.0,1,0,0,0,0,0,0,1.0,0.0,0.2,0.0,0,1,169.29411764705884
60,tt1298644,the hustle,2019,28169,5.4,21.0,95.0,4.0,2,94.0,0.3921568627450981,8.23529411764706,2.058823529411765,0.08760951188986234,23.5,352.3809523809524,152.1126,0,0.0,0,1,0,0,0,0,0,0,0,0,0,0,0,0.0,0.0,0,0.0,0,0,0,1,0,0,0,0.0,0.0,5.2,0.0,1,1,37.254901960784316
61,tt3361792,tolkien,2019,18922,6.8,20.0,9.0,4.0,2,112.0,0.3921568627450981,7.843137254901961,1.9607843137254903,0.0700280112044818,28.0,-55.00000000000001,128.6696,0,0.0,0,0,0,0,0,0,0,0,0,0,0,1,0,0.0,1.0,0,0.0,0,0,0,0,0,0,0,0.0,0.0,0.0,0.0,0,0,3.5294117647058827
62,tt5125894,poms,2019,2256,5.7,10.0,16.5,9.0,2,90.0,0.3921568627450981,3.9215686274509807,0.4357298474945534,0.04357298474945534,10.0,65.00000000000001,12.8592,0,0.0,0,1,0,0,0,0,0,0,0,0,0,0,0,0.0,1.0,0,0.0,0,0,0,0,0,0,0,0.0,0.0,6.000000000000001,0.0,1,5,6.470588235294119
63,tt5932728,the professor and the madman,2019,19825,7.3,25.0,5.4,10.0,3,124.0,0.3921568627450981,9.803921568627453,0.9803921568627454,0.07906388361796333,12.4,-78.4,144.7225,0,0.0,0,0,0,0,0,0,0,0,0,0,0,1,0,0.0,1.0,0,0.0,1,0,0,0,0,0,0,1.0,0.0,20.9,0.0,4,5,2.11764705882353
64,tt6146586,john wick: chapter 3 – parabellum,2019,197479,7.6,75.0,326.7,8.0,3,131.0,0.3921568627450981,29.411764705882355,3.6764705882352944,0.224517287831163,16.375,335.6,1500.8403999999996,0,0.0,0,0,0,0,0,0,0,0,0,0,0,0,0,1.0,0.0,0,0.0,0,1,0,1,0,0,0,1.0,0.0,10.6,0.0,2,3,128.11764705882354
65,tt8385474,a dog's journey,2019,10855,7.4,,71.7,6.0,2,109.0,0.3921568627450981,14.034744864571508,2.3391241440952513,0.12875912719790375,18.166666666666668,100.3431293560746,80.327,0,0.0,0,1,0,0,0,0,0,0,0,0,0,0,0,0.0,1.0,0,0.0,0,0,0,0,0,0,0,1.0,0.0,0.0,0.0,0,0,28.117647058823533
66,tt6423362,the sun is also a star,2019,3081,5.7,9.0,6.7,2.0,2,100.0,0.3921568627450981,3.5294117647058827,1.7647058823529413,0.03529411764705883,50.0,-25.55555555555555,17.561700000000002,0,0.0,0,0,0,0,0,0,1,0,0,0,0,0,0,0.0,1.0,0,0.0,0,0,0,0,0,0,0,1.0,0.0,0.0,0.0,0,0,2.6274509803921573
67,tt6865690,the professor,2019,14243,6.7,25.0,5.4,10.0,3,124.0,0.3921568627450981,9.803921568627453,0.9803921568627454,0.07906388361796333,12.4,-78.4,95.4281,0,0.0,0,1,0,0,0,0,0,0,0,0,0,1,0,0.0,1.0,0,0.0,0,0,0,0,0,0,0,1.0,0.0,20.9,0.0,4,5,2.11764705882353
68,tt6920356,the souvenir,2019,4322,6.5,,1.7,3.0,3,119.0,0.3921568627450981,11.880635182258743,3.960211727419581,0.0998372704391491,39.666666666666664,-94.38862774220866,28.093000000000004,0,0.0,0,0,0,0,0,0,1,0,0,0,0,0,0,0.0,1.0,0,0.0,1,0,0,0,0,0,0,0.0,0.0,5.0,0.0,1,0,0.6666666666666667
69,tt8769848,the tomorrow man,2019,812,5.5,,0.35,6.0,2,94.0,0.3921568627450981,4.029690064742432,0.6716150107904054,0.04286904324194077,15.666666666666666,-96.59390921496198,4.466,0,0.0,0,0,0,0,0,0,1,0,0,0,0,0,0,0.0,1.0,0,0.0,0,0,0,0,0,0,0,0.0,0.0,0.5,0.0,0,3,0.13725490196078433
70,tt7752126,brightburn,2019,54456,6.2,12.0,32.9,5.0,4,90.0,0.3921568627450981,4.7058823529411775,0.9411764705882355,0.052287581699346414,18.0,174.1666666666666,337.6272,0,1.0,1,0,0,0,0,0,0,0,0,0,0,0,0,0.0,1.0,0,0.0,1,0,0,0,0,0,0,0.0,0.0,0.0,0.0,0,0,12.901960784313726
71,tt1489887,booksmart,2019,49043,7.2,6.0,24.8,6.0,1,105.0,0.3921568627450981,2.3529411764705888,0.39215686274509814,0.022408963585434177,17.5,313.33333333333326,353.10960000000006,0,0.0,0,1,0,0,0,0,0,0,0,0,0,0,0,0.0,0.0,0,0.0,0,0,0,0,0,0,0,0.0,0.0,0.1111111111111111,0.0,0,1,9.725490196078432
72,tt7374948,always be my maybe,2019,36057,6.8,,,2.0,2,102.0,0.3921568627450981,9.502080989852168,4.751040494926084,0.09315765676325655,51.0,95.50067615152932,245.1876,0,0.0,0,1,0,0,0,0,1,0,0,0,0,0,0,0.0,0.0,0,0.0,0,0,0,0,0,0,0,0.0,0.0,0.0,0.0,0,0,18.576632583626917
73,tt3741700,godzilla: king of the monsters,2019,100328,6.1,200.0,385.0,12.0,4,132.0,0.3921568627450981,78.43137254901961,6.535947712418301,0.5941770647653001,11.0,92.5,612.0007999999998,0,0.0,0,0,0,0,0,0,0,1,1,0,0,0,0,1.0,0.0,0,1.0,0,0,0,0,0,0,0,1.0,0.0,1.0,0.0,0,5,150.98039215686276
74,tt2066051,rocketman,2019,80854,7.4,40.0,195.2,5.0,3,121.0,0.3921568627450981,15.686274509803926,3.137254901960785,0.12963863231242914,24.2,388.0,598.3195999999998,0,0.0,0,0,0,0,0,0,0,0,0,1,0,1,0,0.0,1.0,0,0.0,0,0,0,0,0,0,0,0.0,0.0,0.1,0.0,0,1,76.54901960784315
75,tt7958736,ma,2019,23727,5.6,5.0,60.6,6.0,4,99.0,0.3921568627450981,1.9607843137254903,0.32679738562091504,0.019805902158843338,16.5,1112.0000000000002,132.8712,0,0.0,1,0,0,0,0,1,0,0,0,0,0,0,0,0.0,0.0,0,0.0,1,1,0,0,0,0,0,0.0,0.0,5.7250000000000005,0.0,1,4,23.764705882352946
76,tt6565702,dark phoenix,2019,113234,5.8,200.0,252.4,8.0,4,114.0,0.3921568627450981,78.43137254901961,9.803921568627452,0.6879944960440317,14.25,26.20000000000001,656.7571999999999,0,1.0,0,0,0,0,0,0,0,0,0,0,0,0,1,1.0,0.0,0,1.0,0,0,0,0,0,0,0,1.0,0.0,6.525,0.0,1,8,98.98039215686276
77,tt5113040,the secret life of pets 2,2019,31612,6.5,80.0,433.0,13.0,3,86.0,0.3921568627450981,31.372549019607845,2.413273001508296,0.36479708162334706,6.615384615384615,441.25,205.47799999999998,0,0.0,0,1,0,0,0,0,0,0,0,0,0,0,0,0.0,0.0,0,1.0,0,0,0,0,0,0,1,0.0,0.0,0.2,0.0,0,1,169.80392156862746
78,tt6107548,late night,2019,14492,6.5,4.0,22.2,8.0,2,102.0,0.3921568627450981,1.5686274509803924,0.19607843137254904,0.015378700499807768,12.75,455.00000000000006,94.198,0,0.0,0,1,0,0,0,0,0,0,0,0,0,0,0,0.0,1.0,0,0.0,0,0,0,0,0,0,0,0.0,0.0,11.2,0.0,2,6,8.705882352941178
79,tt4353250,the last black man in san francisco,2019,5632,7.4,,4.5,7.0,1,120.0,0.3921568627450981,15.249292519106994,2.1784703598724278,0.12707743765922494,17.142857142857142,-88.4276212805164,41.6768,0,0.0,0,0,0,0,0,0,0,0,0,0,0,0,0,0.0,1.0,0,0.0,0,0,0,0,0,0,0,0.0,0.0,5.836111111111111,0.0,1,6,1.7647058823529413
80,tt2283336,men in black: international,2019,77164,5.6,110.0,253.9,9.0,4,115.0,0.3921568627450981,43.137254901960794,4.7930283224400885,0.3751065643648765,12.777777777777779,130.81818181818178,432.1184,0,0.0,0,1,0,0,0,0,0,0,0,0,0,0,1,1.0,0.0,0,1.0,0,0,0,0,0,0,0,1.0,0.0,10.8,0.0,2,4,99.5686274509804
81,tt0162650,shaft,2019,70506,5.9,35.0,21.4,5.0,4,112.0,0.3921568627450981,13.725490196078432,2.7450980392156863,0.12254901960784315,22.4,-38.857142857142854,415.9854,0,0.0,0,1,0,0,0,0,0,0,0,0,0,0,0,1.0,0.0,0,0.0,0,1,0,1,0,0,0,1.0,0.0,0.2,0.0,0,1,8.392156862745098
82,tt8695030,the dead don't die,2019,31412,5.5,,14.4,14.0,3,103.0,0.3921568627450981,31.418054155558984,2.24414672539707,0.3050296519957183,7.357142857142857,-82.02607075673957,172.766,0,0.0,1,1,0,0,0,0,0,0,1,0,0,0,0,0.0,0.0,0,0.0,0,0,0,0,0,0,0,0.0,0.0,5.800000000000002,0.0,1,5,5.647058823529413
83,tt1618434,murder mystery,2019,74879,6.0,,,6.0,4,97.0,0.3921568627450981,18.96252331241211,3.1604205520686848,0.19548993105579493,16.166666666666668,154.45253174651668,449.274,0,0.0,0,1,0,0,0,0,0,0,0,0,0,0,0,1.0,0.0,0,0.0,1,0,0,1,0,0,0,0.0,0.0,0.2,0.0,0,1,48.250620651456046
84,tt7645122,plus one,2019,4083,6.6,,0.02,6.0,3,98.0,0.3921568627450981,5.971555924248349,0.9952593207080582,0.060934244124983154,16.333333333333332,-99.86865839733572,26.9478,0,0.0,0,1,0,0,0,0,1,0,0,0,0,0,0,0.0,1.0,0,0.0,0,0,0,0,0,0,0,0.0,0.0,0.0,0.0,0,0,0.007843137254901962
85,tt0094862,child's play,2019,81608,6.6,10.0,44.9,4.0,2,90.0,0.3921568627450981,3.9215686274509807,0.9803921568627452,0.04357298474945534,22.5,349.0,538.6127999999999,0,0.0,1,0,0,0,0,0,0,0,0,0,0,0,0,0.0,0.0,0,0.0,0,1,0,0,0,0,0,1.0,0.0,0.0,0.0,0,0,17.607843137254903
86,tt8350360,annabelle comes home,2019,41122,5.9,32.0,228.6,5.0,3,106.0,0.3921568627450981,12.549019607843142,2.5098039215686283,0.11838697743248247,21.2,614.3749999999997,242.61980000000003,0,0.0,1,0,0,0,0,0,0,0,0,0,0,0,0,0.0,0.0,0,0.0,1,1,0,0,0,0,0,0.0,0.0,0.2,0.0,0,1,89.64705882352942
87,tt8079248,yesterday,2019,66491,6.9,26.0,151.3,4.0,3,116.0,0.3921568627450981,10.19607843137255,2.5490196078431375,0.08789722785665992,29.0,481.92307692307696,458.7879,0,0.0,0,1,0,0,0,0,1,0,1,0,0,0,0,0.0,0.0,0,0.0,0,0,0,0,0,0,0,0.0,0.0,5.747222222222222,0.0,1,6,59.33333333333334
88,tt6772804,escape plan: the extractors,2019,7317,4.4,3.6,1.8,10.0,3,88.0,0.3921568627450981,1.4117647058823533,0.14117647058823532,0.016042780748663107,8.8,-50.0,32.1948,0,0.0,0,0,0,0,0,0,0,0,0,0,0,0,0,1.0,0.0,0,0.0,0,1,0,1,0,0,0,0.0,0.0,0.5111111111111111,0.0,0,3,0.7058823529411766
89,tt8772262,midsommar,2019,86252,7.2,10.0,41.1,5.0,3,147.0,0.3921568627450981,3.9215686274509807,0.7843137254901962,0.026677337601707353,29.4,311.00000000000006,621.0144,0,0.0,1,0,0,0,0,0,0,0,0,0,0,0,0,0.0,1.0,0,0.0,1,0,0,0,0,0,0,0.0,0.0,0.0,0.0,0,0,16.117647058823533
90,tt7734218,stuber,2019,23754,6.2,16.0,32.4,8.0,3,93.0,0.3921568627450981,6.2745098039215685,0.7843137254901961,0.06746784735399536,11.625,102.50000000000001,147.27480000000003,0,0.0,0,1,0,0,0,0,0,0,0,0,0,0,0,1.0,0.0,0,0.0,0,0,0,1,0,0,0,0.0,0.0,5.0,0.0,1,0,12.705882352941178
91,tt8364368,crawl,2019,39093,6.2,13.5,91.5,2.0,4,87.0,0.3921568627450981,5.294117647058824,2.647058823529412,0.06085192697768763,43.5,577.7777777777778,242.3766,0,0.0,1,0,0,0,0,0,0,0,0,0,0,0,0,1.0,1.0,1,0.0,0,0,0,0,0,0,0,0.0,0.0,0.0,0.0,0,0,35.88235294117648
92,tt8637428,the farewell,2019,15760,7.8,3.0,19.6,6.0,2,98.0,0.3921568627450981,1.1764705882352944,0.19607843137254907,0.01200480192076831,16.333333333333332,553.3333333333334,122.928,0,0.0,0,1,0,0,0,0,0,0,0,0,0,0,0,0.0,1.0,0,0.0,0,0,0,0,0,0,0,1.0,0.0,0.0,0.0,0,0,7.686274509803923
93,tt7131622,once upon a time in hollywood,2019,293455,7.8,96.0,372.4,10.0,2,161.0,0.3921568627450981,37.64705882352942,3.764705882352942,0.23383266350018272,16.1,287.91666666666663,2288.949,0,0.0,0,0,0,0,0,0,0,0,0,0,0,0,0,0.0,0.0,0,0.0,0,0,0,0,0,1,0,0.0,0.0,0.0,0.0,0,0,146.03921568627453
94,tt4995776,the red sea diving resort,2019,16522,6.5,,,7.0,4,130.0,0.3921568627450981,20.256989481415317,2.893855640202188,0.15582299601088706,18.571428571428573,317.5709923139392,107.39299999999999,0,0.0,0,0,1,0,0,0,0,0,0,0,0,0,0,0.0,1.0,0,0.0,0,1,0,0,0,1,0,0.0,0.0,5.800000000000002,0.0,1,4,84.58731199047622
95,tt1905041,fast & furious presents: hobbs & shaw,2019,353504,7.1,200.0,758.9,7.0,3,136.0,0.3921568627450981,78.43137254901961,11.204481792717088,0.5767012687427913,19.428571428571427,279.45,2509.8784,0,0.0,0,0,0,0,0,0,0,0,0,0,0,0,0,1.0,0.0,0,1.0,0,1,0,0,0,0,0,0.0,0.0,5.6000000000000005,0.0,1,3,297.6078431372549
96,tt3758162,a score to settle,2019,2069,4.5,,,2.0,4,103.0,0.3921568627450981,12.071764134932664,6.035882067466332,0.11720159354303557,51.5,128.63320494541878,9.3105,0,0.0,0,0,0,0,0,0,0,0,0,0,0,0,0,1.0,1.0,0,0.0,0,1,0,1,0,0,0,0.0,0.0,5.2,0.0,1,1,27.60006123514816
97,tt8000718,the operative,2019,1888,5.6,,,3.0,1,120.0,0.3921568627450981,21.32088115763768,7.106960385879226,0.17767400964698066,40.0,246.4652199901705,10.5728,0,0.0,0,0,0,0,0,0,0,0,0,0,0,0,0,0.0,0.0,0,0.0,0,1,0,0,0,0,0,1.0,0.0,0.0,0.0,0,0,73.8694378066522
98,tt7547410,dora and the lost city of gold,2019,12689,6.0,49.0,119.7,5.0,3,102.0,0.3921568627450981,19.21568627450981,3.8431372549019622,0.18838908112264519,20.4,144.28571428571425,76.134,0,0.0,0,1,0,0,0,0,0,0,0,0,0,0,0,1.0,0.0,0,1.0,0,0,0,0,0,0,0,1.0,0.0,0.0,0.0,0,0,46.94117647058824
99,tt5822564,the kitchen,2019,6698,5.2,38.0,15.9,9.0,3,103.0,0.3921568627450981,14.901960784313724,1.6557734204793026,0.14467923091566723,11.444444444444445,-58.157894736842096,34.8296,0,0.0,0,0,0,0,0,0,0,0,0,0,0,0,0,1.0,1.0,0,0.0,0,0,0,1,0,0,0,1.0,0.0,0.3111111111111111,0.0,0,3,6.23529411764706
100,tt1478839,the art of racing in the rain,2019,10024,7.5,50.0,33.8,6.0,3,109.0,0.3921568627450981,19.607843137254907,3.267973856209151,0.1798884691491276,18.166666666666668,-32.40000000000001,75.18,0,0.0,0,1,0,0,0,0,1,0,0,0,0,0,0,0.0,1.0,0,0.0,0,0,0,0,0,0,0,1.0,0.0,5.2,0.0,1,1,13.254901960784315
101,tt3387520,scary stories to tell in the dark,2019,35707,6.2,28.0,104.5,9.0,3,108.0,0.3921568627450981,10.980392156862747,1.2200435729847496,0.10167029774872914,12.0,273.21428571428567,221.3834,0,0.0,1,0,0,0,0,0,0,0,0,0,0,0,0,0.0,0.0,0,0.0,1,1,0,0,0,0,0,1.0,0.0,10.2,0.0,2,2,40.98039215686275
102,tt4364194,the peanut butter falcon,2019,21983,7.7,6.2,20.8,7.0,3,98.0,0.3921568627450981,2.431372549019608,0.34733893557422973,0.024809923969587838,14.0,235.48387096774195,169.2691,0,0.0,0,1,0,0,0,0,0,0,0,0,0,0,0,0.0,1.0,0,1.0,0,0,0,0,0,0,0,0.0,0.0,0.9111111111111109,0.0,0,5,8.15686274509804
103,tt0457655,after the wedding,2019,29888,7.7,,2.7,4.0,1,110.0,0.3921568627450981,12.351712404130225,3.0879281010325563,0.11228829458300205,27.5,-91.42771872620908,230.1376,0,0.0,0,0,0,0,0,0,0,0,0,0,0,0,0,0.0,1.0,0,0.0,0,0,0,0,0,0,0,1.0,0.0,6.600000000000001,0.0,1,8,1.058823529411765
104,tt6063090,light of my life,2019,4688,6.6,,0.21,4.0,3,119.0,0.3921568627450981,17.574910906939657,4.393727726734914,0.14768832694907275,29.75,-99.53141758946869,30.9408,0,0.0,0,0,0,0,0,0,0,0,0,0,0,0,1,0.0,1.0,0,0.0,0,1,0,0,0,0,0,0.0,0.0,5.2,0.0,1,1,0.0823529411764706
105,tt6095472,the angry birds movie 2,2019,10015,6.4,65.0,150.0,10.0,3,97.0,0.3921568627450981,25.490196078431374,2.5490196078431375,0.26278552658176674,9.7,130.76923076923077,64.096,0,0.0,0,1,0,0,0,0,0,0,0,0,0,0,0,0.0,0.0,0,1.0,0,0,0,0,0,0,1,1.0,0.0,0.0,0.0,0,0,58.82352941176471
106,tt8266310,blinded by the light,2019,9241,6.9,15.0,17.6,6.0,2,117.0,0.3921568627450981,5.882352941176473,0.9803921568627455,0.050276520864756175,19.5,17.33333333333331,63.7629,0,0.0,0,1,0,0,0,0,0,0,0,0,0,0,0,0.0,1.0,0,0.0,0,0,0,0,0,0,0,1.0,0.0,0.0,0.0,0,0,6.901960784313727
107,tt7343762,good boys,2019,30532,6.7,20.0,110.9,6.0,2,89.0,0.3921568627450981,7.843137254901961,1.3071895424836601,0.08812513769552766,14.833333333333334,454.50000000000006,204.5644,0,0.0,0,1,0,0,0,0,0,0,0,0,0,0,0,0.0,0.0,0,1.0,0,0,0,0,0,0,0,0.0,0.0,0.0,0.0,0,0,43.49019607843138
108,tt2365580,"where'd you go, bernadette",2019,3778,6.5,18.0,10.1,5.0,3,109.0,0.3921568627450981,7.0588235294117645,1.4117647058823528,0.06475984889368591,21.8,-43.88888888888888,24.557,0,0.0,0,1,0,0,0,0,0,0,0,0,0,0,0,0.0,1.0,0,0.0,1,0,0,0,0,0,0,1.0,0.0,11.925,0.0,2,12,3.960784313725491
109,tt7329656,47 meters down: uncaged,2019,9384,5.0,12.0,40.0,8.0,3,89.0,0.3921568627450981,4.7058823529411775,0.5882352941176472,0.052875082617316604,11.125,233.3333333333333,46.92,0,0.0,1,0,0,0,0,0,0,0,0,0,0,0,0,0.0,1.0,0,1.0,0,0,0,0,0,0,0,0.0,0.0,0.0,0.0,0,0,15.686274509803923
110,tt7798634,ready or not,2019,43120,6.9,6.0,57.4,5.0,4,95.0,0.3921568627450981,2.3529411764705888,0.47058823529411775,0.024767801857585144,19.0,856.6666666666664,297.528,0,0.0,1,1,0,0,0,0,0,0,0,0,0,0,0,0.0,0.0,0,0.0,1,1,0,0,0,0,0,0.0,0.0,0.0,0.0,0,0,22.50980392156863
111,tt6189022,angel has fallen,2019,39238,6.4,40.0,141.3,8.0,2,121.0,0.3921568627450981,15.686274509803926,1.9607843137254908,0.12963863231242914,15.125,253.24999999999997,251.12320000000003,0,0.0,0,0,0,0,0,0,0,0,0,0,0,0,0,1.0,0.0,0,0.0,0,1,0,0,0,0,0,1.0,0.0,6.400000000000001,0.0,1,7,55.41176470588236
112,tt7671064,brittany runs a marathon,2019,6390,6.8,,7.4,5.0,2,103.0,0.3921568627450981,6.817283766955299,1.3634567533910598,0.06618722103840097,20.6,-57.432301727264246,43.452,0,0.0,0,1,0,0,0,0,0,0,0,0,0,0,0,0.0,1.0,0,0.0,0,0,0,0,0,0,0,0.0,0.0,0.0,0.0,0,0,2.901960784313726
113,tt8186318,overcomer,2019,1873,6.4,5.0,37.9,6.0,1,115.0,0.3921568627450981,1.9607843137254903,0.32679738562091504,0.017050298380221655,19.166666666666668,658.0,11.9872,0,0.0,0,0,0,0,0,0,0,0,0,0,0,0,0,0.0,1.0,0,0.0,0,0,0,0,0,0,0,0.0,0.0,0.0,0.0,0,0,14.862745098039216
114,tt5431890,official secrets,2019,7989,7.3,,5.5,6.0,3,112.0,0.3921568627450981,15.567660415972718,2.594610069328786,0.13899696799975642,18.666666666666668,-86.14523513831881,58.3197,0,0.0,0,0,0,0,0,0,0,0,0,0,0,1,0,0.0,1.0,0,0.0,0,0,0,1,0,0,0,1.0,0.0,0.8,0.0,0,4,2.1568627450980395
115,tt6803212,don't let go,2019,1199,5.9,5.0,5.3,4.0,5,107.0,0.3921568627450981,1.9607843137254903,0.4901960784313726,0.01832508704416346,26.75,6.000000000000001,7.0741000000000005,0,0.0,1,0,0,0,0,1,0,0,0,0,0,0,0,0.0,1.0,0,0.0,1,1,0,0,0,0,0,0.0,0.0,0.125,0.0,0,1,2.0784313725490198
116,tt6895284,itsy bitsy,2019,3413,5.7,,,4.0,3,94.0,0.3921568627450981,18.807910675322276,4.701977668830569,0.20008415612044975,23.5,126.59583079298982,19.454100000000004,0,0.0,1,0,0,0,0,0,0,0,1,0,0,0,0,0.0,0.0,0,0.0,1,0,0,0,0,0,0,0.0,0.0,0.2,0.0,0,1,42.61794144954993
117,tt7869070,the fanatic,2019,3981,4.6,,0.0,4.0,3,88.0,0.3921568627450981,5.868759444932344,1.467189861233086,0.06669044823786754,22.0,-100.0,18.3126,0,0.0,0,0,0,0,0,1,0,0,0,0,0,0,0,0.0,0.0,0,0.0,0,1,0,1,0,0,0,0.0,0.0,0.4,0.0,0,2,0.0
118,tt8510350,satanic panic,2019,1863,5.5,,,13.0,2,80.0,0.3921568627450981,9.47609895264722,0.7289306886651707,0.11845123690809026,6.153846153846154,10.90373961376362,10.2465,0,0.0,1,1,0,0,0,0,0,0,0,0,0,0,0,0.0,0.0,0,0.0,0,0,0,0,0,0,0,0.0,0.0,0.0,0.0,0,0,10.509348107986455
119,tt8815382,the obituary of tunde johnson,2019,19,8.0,,,3.0,1,104.0,0.3921568627450981,5.134251306514017,1.711417102171339,0.049367801024173236,34.666666666666664,53.59219273452745,0.152,0,0.0,0,0,0,0,0,0,0,0,0,0,0,0,0,0.0,1.0,0,0.0,0,0,0,0,0,0,0,0.0,0.0,0.0,0.0,0,0,7.8858091621760025
120,tt3864056,the goldfinch,2019,6376,6.3,49.0,9.7,8.0,1,149.0,0.3921568627450981,19.21568627450981,2.4019607843137263,0.12896433741281751,18.625,-80.20408163265306,40.1688,0,0.0,0,0,0,0,0,0,0,0,0,0,0,0,0,0.0,1.0,0,0.0,0,0,0,0,0,0,0,1.0,0.0,5.6000000000000005,0.0,1,3,3.8039215686274512
121,tt5503686,hustlers,2019,28038,6.5,20.7,156.0,7.0,3,110.0,0.3921568627450981,8.11764705882353,1.1596638655462186,0.07379679144385028,15.714285714285714,653.6231884057971,182.247,0,0.0,0,1,0,0,0,0,0,0,0,0,0,0,0,0.0,1.0,0,0.0,0,0,0,1,0,0,0,1.0,0.0,5.2,0.0,1,3,61.176470588235304
122,tt9352926,the sound of silence,2019,405,5.3,0.02,,4.0,1,85.0,0.3921568627450981,0.007843137254901962,0.0019607843137254906,9.227220299884661e-05,21.25,-318667.4686746855,2.1465,0,0.0,0,0,0,0,0,0,0,0,0,0,0,0,0,0.0,1.0,0,0.0,0,0,0,0,0,0,0,0.0,0.0,0.0,0.0,0,0,-24.9856838176224
123,tt9252508,tall girl,2019,11764,5.3,,,10.0,2,102.0,0.3921568627450981,16.64575355568769,1.664575355568769,0.16319366231066362,10.2,202.27209629048934,62.3492,0,0.0,0,1,0,0,0,0,1,0,0,0,0,0,0,0.0,0.0,0,0.0,0,0,0,0,0,0,0,0.0,0.0,0.0,0.0,0,0,50.31546821612585
124,tt2935510,ad astra,2019,86453,6.8,100.0,130.0,5.0,4,124.0,0.3921568627450981,39.215686274509814,7.843137254901963,0.31625553447185334,24.8,29.999999999999975,587.8804,0,0.0,0,0,0,0,0,0,0,0,0,0,0,0,1,0.0,1.0,0,1.0,1,0,0,0,0,0,0,0.0,0.0,11.961111111111109,0.0,2,12,50.98039215686275
125,tt1606375,downton abbey,2019,149308,8.7,20.0,191.8,7.0,3,122.0,0.3921568627450981,7.843137254901961,1.1204481792717087,0.06428801028608165,17.428571428571427,859.0000000000001,1298.9796,0,0.0,0,0,0,1,0,0,1,0,0,0,0,0,0,0.0,1.0,0,0.0,0,0,0,0,0,0,0,1.0,0.0,16.2,0.0,3,6,75.21568627450982
126,tt1206885,rambo: last blood,2019,32541,6.4,50.0,91.0,8.0,3,89.0,0.3921568627450981,19.607843137254907,2.4509803921568634,0.22031284423881917,11.125,81.99999999999996,208.2624,0,0.0,0,0,0,0,0,0,0,0,0,0,0,0,0,1.0,0.0,0,1.0,0,1,0,0,0,0,0,1.0,0.0,0.6000000000000001,0.0,0,3,35.68627450980392
127,tt4332232,fractured,2019,32687,6.3,,,6.0,3,100.0,0.3921568627450981,12.562081283647636,2.0936802139412727,0.12562081283647636,16.666666666666668,146.38623998475995,205.9281,0,0.0,0,0,0,0,0,1,0,0,0,0,0,0,0,0.0,0.0,0,0.0,1,1,0,0,0,0,0,0.0,0.0,0.0,0.0,0,0,30.951239738608677
128,tt6324278,abominable,2019,9291,7.0,75.0,177.7,7.0,3,97.0,0.3921568627450981,29.411764705882355,4.201680672268908,0.3032140691328078,13.857142857142858,136.93333333333334,65.03699999999999,0,0.0,0,1,0,0,0,0,0,0,0,0,0,0,0,0.0,0.0,0,1.0,0,0,0,0,0,0,1,0.0,0.0,0.0,0.0,0,0,69.68627450980392
129,tt5865326,the laundromat,2019,25398,6.3,,,8.0,4,95.0,0.3921568627450981,10.707487946738794,1.3384359933423493,0.11271039943935574,11.875,112.23098922107933,160.0074,0,0.0,0,1,0,0,0,0,0,0,0,0,0,1,0,0.0,1.0,0,0.0,0,0,0,1,0,0,0,1.0,0.0,34.300000000000004,0.0,6,22,22.72460759009158
130,tt7549996,judy,2019,7741,7.1,,37.8,5.0,3,118.0,0.3921568627450981,17.128403193871485,3.425680638774297,0.14515595927009733,23.6,-13.456442822010743,54.9611,0,0.0,0,0,0,0,0,0,1,0,0,0,0,1,0,0.0,1.0,0,0.0,0,0,0,0,0,0,0,1.0,0.0,5.4,0.0,1,2,14.823529411764707
131,tt7286456,joker,2019,513667,8.7,70.0,1061.0,1.0,4,122.0,0.3921568627450981,27.450980392156865,27.450980392156865,0.22500803600128577,122.0,1415.714285714286,4468.902899999999,0,0.0,0,0,0,0,0,1,0,0,0,0,0,0,0,0.0,1.0,0,0.0,0,1,0,1,0,0,0,1.0,0.0,1.3000000000000005,0.0,0,8,416.07843137254906
132,tt4682804,lucy in the sky,2019,755,4.5,27.0,0.32,6.0,2,124.0,0.3921568627450981,10.588235294117649,1.7647058823529413,0.08538899430740039,20.666666666666668,-98.81481481481482,3.3975,0,0.0,0,0,0,0,0,0,0,0,0,0,0,0,1,0.0,1.0,0,0.0,0,0,0,0,0,0,0,0.0,0.0,16.6,0.0,3,8,0.1254901960784314
133,tt8526872,dolemite is my name,2019,22038,7.4,,,7.0,3,118.0,0.3921568627450981,15.043521157071801,2.1490744510102573,0.12748746743281186,16.857142857142858,278.11058908451514,163.08120000000005,0,0.0,0,1,0,0,0,0,0,0,0,0,0,1,0,0.0,1.0,0,0.0,0,0,0,0,0,0,0,0.0,0.0,0.2,0.0,0,1,56.88114646605786
134,tt4687108,in the tall grass,2019,30374,5.5,,,6.0,3,90.0,0.3921568627450981,5.719128600743936,0.9531881001239894,0.0635458733415993,15.0,-99.89258477744671,167.05700000000002,0,0.0,1,0,0,0,0,0,0,0,0,0,0,0,0,0.0,1.0,0,0.0,0,1,0,0,0,0,0,1.0,0.0,0.0,0.0,0,0,0.006143214714597889
135,tt7434324,low tide,2019,765,6.1,,,6.0,2,90.0,0.3921568627450981,2.3938888323236327,0.3989814720539388,0.02659876480359592,15.0,-536.5546081020788,4.6665,0,0.0,0,0,0,0,0,0,0,0,0,0,0,0,0,0.0,1.0,0,0.0,0,1,0,0,0,0,0,0.0,0.0,0.0,0.0,0,0,-10.450632010349864
136,tt9097270,wrinkles the clown,2019,272,4.7,,0.01,1.0,2,75.0,0.3921568627450981,-3.28416143662956,-3.28416143662956,-0.043788819155060804,75.0,-100.11940852187448,1.2784,0,0.0,1,1,0,0,0,0,0,0,0,0,0,0,0,0.0,0.0,0,0.0,0,0,0,0,0,0,0,0.0,0.0,0.0,0.0,0,0,0.003921568627450981
137,tt0097758,little monsters,2019,10507,6.1,,,5.0,3,94.0,0.3921568627450981,46.556529425718246,9.31130588514365,0.49528222793317284,18.8,181.45876036626836,64.0927,0,0.0,0,1,0,0,0,0,0,1,0,0,0,0,0,0.0,0.0,0,1.0,0,0,0,0,0,0,0,0.0,0.0,5.0,0.0,1,0,131.03743059118355
138,tt1025100,gemini man,2019,31943,5.7,138.0,173.2,4.0,4,117.0,0.3921568627450981,54.117647058823536,13.529411764705884,0.46254399195575674,29.25,25.50724637681158,182.0751,0,0.0,0,0,0,0,0,0,0,0,0,0,0,0,1,1.0,1.0,0,0.0,0,1,0,0,0,0,0,0.0,0.0,11.01111111111111,0.0,2,6,67.92156862745098
139,tt0101272,the addams family,2019,121787,6.9,24.0,190.4,8.0,4,87.0,0.3921568627450981,9.411764705882355,1.1764705882352944,0.10818120351588914,10.875,693.3333333333331,840.3303000000002,0,0.0,1,1,0,0,0,0,0,0,1,0,0,0,0,0.0,0.0,0,0.0,0,0,0,0,0,0,1,1.0,0.0,10.6,0.0,2,3,74.66666666666667
140,tt7984766,the king,2019,48115,7.3,,0.01,6.0,3,140.0,0.3921568627450981,26.86159889296257,4.4769331488270945,0.19186856352116122,23.333333333333332,-99.98540083692309,351.2395,0,0.0,0,0,0,1,0,0,0,0,0,0,0,1,0,0.0,1.0,0,0.0,0,0,0,0,0,0,0,1.0,0.0,6.036111111111111,0.0,1,7,0.003921568627450981
141,tt9354944,jexi,2019,3892,6.5,5.0,7.5,4.0,2,84.0,0.3921568627450981,1.9607843137254903,0.4901960784313726,0.02334267040149393,21.0,50.0,25.298000000000002,0,0.0,0,1,0,0,0,0,1,0,0,0,0,0,0,0.0,0.0,0,0.0,0,0,0,0,0,0,0,0.0,0.0,0.0,0.0,0,0,2.9411764705882355
142,tt9243946,el camino: a breaking bad movie,2019,128381,7.5,6.0,0.04,1.0,4,122.0,0.3921568627450981,2.3529411764705888,2.3529411764705888,0.019286403085824497,122.0,-99.33333333333333,962.8575,0,0.0,0,0,0,0,0,0,0,0,0,0,0,0,0,1.0,1.0,0,0.0,0,1,0,1,0,0,0,1.0,0.0,5.2,0.0,1,1,0.015686274509803925
143,tt4777008,maleficent: mistress of evil,2019,27992,7.0,185.0,487.9,9.0,2,118.0,0.3921568627450981,72.54901960784316,8.06100217864924,0.6148222000664675,13.11111111111111,163.72972972972963,195.94400000000002,0,0.0,0,0,0,0,0,0,0,0,1,0,0,0,0,0.0,0.0,0,1.0,0,0,0,0,0,0,0,1.0,0.0,6.400000000000001,0.0,1,7,191.33333333333334
144,tt1560220,zombieland: double tap,2019,33435,7.2,48.0,120.6,9.0,3,99.0,0.3921568627450981,18.82352941176471,2.0915032679738568,0.19013666072489607,11.0,151.24999999999997,240.732,0,0.0,1,1,0,0,0,0,0,0,0,0,0,0,0,1.0,0.0,0,0.0,0,0,0,0,0,0,0,0.0,0.0,6.2,0.0,1,7,47.294117647058826
145,tt2584384,jojo rabbit,2019,16181,8.1,14.0,25.3,8.0,2,108.0,0.3921568627450981,5.4901960784313735,0.6862745098039217,0.05083514887436457,13.5,80.71428571428572,131.06609999999998,0,0.0,0,1,0,0,0,0,0,0,0,0,0,0,0,0.0,1.0,0,0.0,0,0,0,0,0,0,0,1.0,0.0,5.0,0.0,1,1,9.921568627450982
146,tt7984734,the lighthouse,2019,13804,8.3,4.0,11.6,2.0,5,110.0,0.3921568627450981,1.5686274509803924,0.7843137254901962,0.014260249554367204,55.0,190.00000000000003,114.5732,0,0.0,1,0,0,0,0,1,0,0,1,0,0,0,0,0.0,1.0,0,0.0,0,0,0,0,0,1,0,0.0,0.0,0.6000000000000001,0.0,0,4,4.549019607843138
147,tt5913798,wounds,2019,8316,4.1,,,3.0,4,94.0,0.3921568627450981,4.98211724806152,1.6607057493538402,0.05300124731980341,31.333333333333332,-140.52260859182175,34.0956,0,0.0,1,0,0,0,0,1,0,0,0,0,0,0,0,0.0,1.0,0,0.0,1,0,0,0,0,0,0,1.0,0.0,0.0,0.0,0,0,-2.0188838720176108
148,tt7390646,black and blue,2019,1943,5.7,12.0,22.7,6.0,4,108.0,0.3921568627450981,4.7058823529411775,0.7843137254901963,0.04357298474945535,18.0,89.16666666666663,11.0751,0,0.0,0,0,0,0,0,0,0,0,0,0,0,0,0,1.0,1.0,0,0.0,0,1,0,1,0,0,0,0.0,0.0,0.2,0.0,0,1,8.901960784313726
149,tt10039344,countdown,2019,3613,5.4,6.5,39.1,8.0,2,90.0,0.3921568627450981,2.5490196078431366,0.3186274509803921,0.02832244008714596,11.25,501.5384615384618,19.5102,0,0.0,1,0,0,0,0,0,0,0,0,0,0,0,0,0.0,0.0,0,0.0,0,1,0,0,0,0,0,0.0,0.0,0.0,0.0,0,0,15.333333333333336
150,tt6196936,the kill team,2019,1095,5.9,,0.37,8.0,4,87.0,0.3921568627450981,10.886313629634095,1.360789203704262,0.12513004171993214,10.875,-98.66715176365388,6.4605,0,0.0,0,0,0,0,1,0,0,0,0,0,0,0,0,1.0,1.0,0,0.0,0,1,0,0,0,0,0,0.0,0.0,0.0,0.0,0,0,0.1450980392156863
151,tt6450804,terminator: dark fate,2019,50506,6.5,196.0,260.6,6.0,3,128.0,0.3921568627450981,76.86274509803924,12.810457516339874,0.6004901960784316,21.333333333333332,32.959183673469376,328.289,0,0.0,0,0,0,0,0,0,0,0,0,0,0,0,1,1.0,0.0,0,1.0,0,0,0,0,0,0,0,1.0,0.0,10.4,0.0,2,3,102.19607843137257
152,tt0385887,motherless brooklyn,2019,7112,7.1,26.0,15.3,7.0,4,144.0,0.3921568627450981,10.19607843137255,1.4565826330532214,0.07080610021786493,20.571428571428573,-41.15384615384615,50.4952,0,0.0,0,0,0,0,0,0,0,0,0,0,0,0,0,0.0,1.0,0,0.0,1,0,0,1,0,1,0,1.0,0.0,1.4,0.0,0,8,6.000000000000001
153,tt1302006,the irishman,2019,9801,8.7,159.0,7.8,3.0,4,209.0,0.3921568627450981,62.352941176470594,20.784313725490197,0.2983394314663665,69.66666666666667,-95.09433962264151,85.2687,0,0.0,0,0,0,0,0,0,0,0,0,0,0,1,0,0.0,1.0,0,0.0,0,0,0,1,1,0,0,1.0,0.0,34.611111111111114,0.0,6,25,3.058823529411765
154,tt4648786,harriet,2019,3815,6.5,17.0,42.3,4.0,3,125.0,0.3921568627450981,6.666666666666668,1.666666666666667,0.053333333333333344,31.25,148.8235294117647,24.7975,0,0.0,0,0,0,0,0,0,0,0,0,0,0,1,0,1.0,1.0,0,0.0,0,0,0,0,0,0,0,0.0,0.0,0.0,0.0,0,0,16.58823529411765
155,tt4426464,arctic dogs,2019,414,3.9,50.0,8.4,9.0,3,93.0,0.3921568627450981,19.607843137254907,2.1786492374727673,0.21083702298123555,10.333333333333334,-83.2,1.6145999999999998,0,0.0,0,1,0,0,0,0,0,0,0,0,0,0,0,0.0,0.0,0,1.0,0,0,0,0,0,0,1,0.0,0.0,6.300000000000002,0.0,1,7,3.2941176470588243
156,tt7653254,marriage story,2019,15163,8.5,18.0,2.2,7.0,3,136.0,0.3921568627450981,7.0588235294117645,1.0084033613445378,0.05190311418685121,19.428571428571427,-87.77777777777777,128.8855,0,0.0,0,1,0,0,0,0,1,0,0,0,0,0,0,0.0,1.0,0,0.0,0,0,0,0,0,0,0,0.0,0.0,0.7,0.0,0,5,0.8627450980392158
157,tt5606664,doctor sleep,2019,36389,7.6,55.0,71.2,4.0,3,152.0,0.3921568627450981,21.568627450980397,5.392156862745099,0.14189886480908157,38.0,29.45454545454544,276.55639999999994,0,0.0,1,0,0,0,0,0,0,0,1,0,0,0,0,0.0,1.0,0,0.0,0,0,0,0,0,0,0,1.0,0.0,0.0,0.0,0,0,27.921568627450984
158,tt8623904,last christmas,2019,14450,6.6,25.0,101.6,4.0,3,103.0,0.3921568627450981,9.803921568627453,2.4509803921568634,0.0951837045497811,25.75,306.3999999999999,95.37,0,0.0,0,1,0,0,0,0,1,0,0,0,0,0,0,0.0,1.0,0,0.0,0,0,0,0,0,0,0,0.0,0.0,10.6,0.0,2,3,39.84313725490196
159,tt9134216,playing with fire,2019,1978,4.6,29.9,53.2,6.0,1,96.0,0.3921568627450981,11.725490196078432,1.954248366013072,0.122140522875817,16.0,77.92642140468229,9.0988,0,0.0,0,1,0,0,0,0,0,0,0,0,0,0,0,0.0,0.0,0,0.0,0,0,0,0,0,0,0,0.0,0.0,0.0,0.0,0,0,20.86274509803922
160,tt0074899,midway,2019,16446,6.8,100.0,122.1,14.0,3,138.0,0.3921568627450981,39.215686274509814,2.8011204481792724,0.28417163967036096,9.857142857142858,22.09999999999997,111.8328,0,0.0,0,0,0,0,1,0,0,0,0,0,0,0,0,1.0,1.0,0,0.0,0,0,0,0,0,0,0,0.0,0.0,0.6000000000000001,0.0,0,3,47.88235294117647
161,tt4729430,klaus,2019,11671,8.4,40.0,,8.0,3,97.0,0.3921568627450981,15.686274509803926,1.9607843137254908,0.16171417020416418,12.125,156.69890535383894,98.0364,0,0.0,0,1,0,0,0,0,0,0,0,0,0,0,0,0.0,0.0,0,1.0,0,0,0,0,0,0,1,0.0,0.0,5.4,0.0,1,2,40.26649495746494
162,tt8151874,honey boy,2019,1382,7.0,3.5,2.9,4.0,1,93.0,0.3921568627450981,1.3725490196078434,0.34313725490196084,0.014758591608686488,23.25,-17.142857142857142,9.674,0,0.0,0,0,0,0,0,0,0,0,0,0,0,0,0,0.0,1.0,0,0.0,0,0,0,0,0,0,0,0.0,0.0,0.2,0.0,0,1,1.1372549019607845
163,tt1950186,ford v ferrari,2019,19585,8.3,97.6,187.0,2.0,4,152.0,0.3921568627450981,38.27450980392158,19.13725490196079,0.2518059855521157,76.0,91.59836065573766,162.5555,0,0.0,0,0,0,0,0,0,0,0,0,0,0,1,0,1.0,1.0,0,0.0,0,0,0,0,0,1,0,0.0,0.0,11.111111111111109,0.0,2,7,73.33333333333334
164,tt0160127,charlie's angels,2019,167745,5.5,55.0,57.2,8.0,3,119.0,0.3921568627450981,21.568627450980397,2.6960784313725497,0.18124897017630587,14.875,4.000000000000001,922.5975,0,0.0,0,1,0,0,0,0,0,0,0,0,0,0,0,1.0,0.0,0,1.0,0,0,0,0,0,0,0,1.0,0.0,0.4,0.0,0,2,22.431372549019613
165,tt5563334,the good liar,2019,4267,6.5,10.0,28.0,4.0,4,109.0,0.3921568627450981,3.9215686274509807,0.9803921568627452,0.03597769382982551,27.25,180.00000000000003,27.7355,0,0.0,0,0,0,0,0,0,0,0,0,0,0,0,0,0.0,1.0,0,0.0,1,1,0,1,0,0,0,1.0,0.0,11.099999999999998,0.0,2,6,10.980392156862747
166,tt8236336,the report,2019,5077,7.2,8.0,0.28,8.0,3,119.0,0.3921568627450981,3.1372549019607847,0.3921568627450981,0.02636348657109903,14.875,-96.50000000000001,36.5544,0,0.0,0,0,0,0,0,0,0,0,0,0,0,1,0,0.0,1.0,0,0.0,0,0,0,1,0,0,0,0.0,0.0,11.3,0.0,2,8,0.10980392156862748
167,tt8652728,waves,2019,1107,7.7,,1.5,6.0,2,135.0,0.3921568627450981,20.796652697035164,3.466108782839194,0.1540492792372975,22.5,-97.17149051490622,8.5239,0,0.0,0,0,0,0,0,0,1,0,0,0,0,0,0,0.0,1.0,0,0.0,0,0,0,0,0,0,0,0.0,0.0,0.2,0.0,0,1,0.5882352941176472
168,tt3224458,a beautiful day in the neighborhood,2019,7422,7.9,25.0,51.2,4.0,2,109.0,0.3921568627450981,9.803921568627453,2.4509803921568634,0.0899442345745638,27.25,104.79999999999998,58.6338,0,0.0,0,0,0,0,0,0,0,0,0,0,0,1,0,0.0,1.0,0,0.0,0,0,0,0,0,0,0,1.0,0.0,15.599999999999998,0.0,3,3,20.078431372549023
169,tt8688634,21 bridges,2019,5153,6.6,33.0,38.4,6.0,4,99.0,0.3921568627450981,12.941176470588234,2.156862745098039,0.130718954248366,16.5,16.36363636363639,34.0098,0,0.0,0,0,0,0,0,0,0,0,0,0,0,0,0,1.0,1.0,0,0.0,0,1,0,1,0,0,0,0.0,0.0,5.0,0.0,1,0,15.058823529411766
170,tt0109550,dark waters,2019,1599,6.2,,10.3,7.0,3,126.0,0.3921568627450981,27.106923506432487,3.87241764377607,0.215134313543115,18.0,-85.09895198798195,9.913800000000002,0,0.0,1,0,0,0,0,0,0,0,0,0,0,0,0,0.0,0.0,0,0.0,1,1,0,0,0,0,0,1.0,0.0,11.3,0.0,2,7,4.0392156862745106
171,tt8946378,knives out,2019,1671,6.8,40.0,167.5,11.0,4,130.0,0.3921568627450981,15.686274509803926,1.4260249554367206,0.12066365007541481,11.818181818181818,318.75,11.3628,0,0.0,0,1,0,0,0,0,0,0,0,0,0,0,0,0.0,1.0,0,0.0,1,0,0,1,0,0,0,0.0,0.0,6.0,0.0,1,5,65.68627450980394
172,tt3322420,queen & slim,2019,56587,8.2,20.0,34.7,7.0,3,132.0,0.3921568627450981,7.843137254901961,1.1204481792717087,0.05941770647653001,18.857142857142858,73.50000000000003,464.0134,0,0.0,0,1,0,0,0,0,1,0,0,0,0,0,0,0.0,1.0,0,0.0,0,0,0,0,0,0,0,0.0,0.0,0.4,0.0,0,2,13.607843137254905
173,tt8404614,the two popes,2019,751,7.7,,0.36,2.0,3,125.0,0.3921568627450981,17.312178138416073,8.656089069208036,0.13849742510732857,62.5,-99.18452508136477,5.7827,0,0.0,0,1,0,0,0,0,0,0,0,0,0,1,0,0.0,1.0,0,0.0,0,0,0,0,0,0,0,1.0,0.0,5.9,0.0,1,5,0.14117647058823532
174,tt4199898,playmobil: the movie,2019,827,4.6,40.0,13.7,6.0,4,99.0,0.3921568627450981,15.686274509803926,2.614379084967321,0.15844721727074673,16.5,-65.75,3.8042,0,0.0,0,1,0,0,0,0,0,0,0,1,0,0,0,0.0,0.0,0,1.0,0,0,0,0,0,0,1,1.0,0.0,0.0,0.0,0,0,5.372549019607844
175,tt6141246,the aeronauts,2019,2050,6.6,40.0,3.2,4.0,3,100.0,0.3921568627450981,15.686274509803926,3.9215686274509816,0.15686274509803927,25.0,-92.0,13.53,0,0.0,0,0,0,0,0,0,0,0,0,0,0,1,0,1.0,0.0,0,1.0,0,0,0,0,0,0,0,0.0,0.0,5.9,0.0,1,5,1.254901960784314
176,tt8745960,daniel isn't real,2019,877,6.0,,,7.0,3,100.0,0.3921568627450981,16.47421549571027,2.3534593565300383,0.16474215495710268,14.285714285714286,169.5903654916196,5.2620000000000005,0,0.0,1,0,0,0,0,1,0,0,0,0,0,0,0,0.0,0.0,0,0.0,0,1,0,0,0,0,0,1.0,0.0,0.1,0.0,0,1,44.41289776676234
177,tt7975244,jumanji: the next level,2019,18512,7.0,132.0,232.4,12.0,4,123.0,0.3921568627450981,51.76470588235296,4.31372549019608,0.4208512673362029,10.25,76.06060606060602,129.584,0,0.0,0,1,0,0,0,0,0,0,1,0,0,0,0,1.0,0.0,0,1.0,0,0,0,0,0,0,0,1.0,0.0,0.2,0.0,0,1,91.1372549019608
178,tt3513548,richard jewell,2019,2526,7.7,45.0,7.0,5.0,2,129.0,0.3921568627450981,17.647058823529417,3.529411764705883,0.13679890560875516,25.8,-84.44444444444444,19.4502,0,0.0,0,0,0,0,0,0,0,0,0,0,0,1,0,0.0,1.0,0,0.0,0,0,0,0,0,0,0,1.0,0.0,37.825,0.0,7,16,2.7450980392156867
179,tt0071222,black christmas,2019,29449,7.2,5.0,8.5,6.0,4,92.0,0.3921568627450981,1.9607843137254903,0.32679738562091504,0.021312872975277068,15.333333333333334,70.00000000000003,212.0328,0,0.0,1,0,0,0,0,0,0,0,0,0,0,0,0,0.0,0.0,0,0.0,1,1,0,0,0,0,0,1.0,1.0,0.125,0.0,0,1,3.333333333333334
180,tt8106534,6 underground,2019,34632,6.2,150.0,,8.0,4,128.0,0.3921568627450981,58.82352941176471,7.352941176470589,0.4595588235294118,16.0,248.7385367602339,214.7184,0,0.0,0,1,0,0,0,0,0,0,0,0,0,0,0,1.0,0.0,0,1.0,0,1,0,0,0,0,0,0.0,0.0,0.0,0.0,0,0,205.14031574131405
181,tt0023825,bombshell,2019,2020,7.3,32.0,0.41,8.0,3,108.0,0.3921568627450981,12.549019607843142,1.5686274509803928,0.11619462599854762,13.5,-98.71875000000001,14.745999999999999,0,0.0,0,1,0,0,0,0,1,0,0,0,0,0,0,0.0,1.0,0,0.0,0,0,0,0,0,0,0,0.0,0.0,16.400000000000002,0.0,3,7,0.1607843137254902
182,tt5727208,uncut gems,2019,6447,8.1,,2.2,12.0,2,135.0,0.3921568627450981,26.154407121411808,2.1795339267843175,0.19373634904749487,11.25,-96.70133949496828,52.2207,0,0.0,0,1,0,0,0,0,0,0,0,0,0,0,0,0.0,1.0,0,0.0,0,1,0,1,0,0,0,0.0,0.0,5.844444444444445,0.0,1,7,0.8627450980392158
183,tt1780967,seberg,2019,799,4.7,8.0,,6.0,4,102.0,0.3921568627450981,3.1372549019607847,0.5228758169934641,0.030757400999615537,17.0,1.9536479549194354,3.7553,0,0.0,0,0,0,0,0,0,0,0,0,0,1,1,0,0.0,1.0,0,0.0,0,1,0,0,0,0,0,0.0,0.0,0.1111111111111111,0.0,0,1,3.1985458181935513
184,tt5827916,a hidden life,2019,1509,7.6,9.0,0.47,3.0,4,174.0,0.3921568627450981,3.5294117647058827,1.1764705882352942,0.020283975659229212,58.0,-94.77777777777779,11.4684,0,0.0,0,0,0,1,0,0,1,0,0,0,0,1,0,0.0,1.0,0,0.0,0,0,0,0,0,0,0,0.0,0.0,0.7,0.0,0,4,0.1843137254901961
185,tt0173714,cats,2019,3645,7.7,95.0,,9.0,2,110.0,0.3921568627450981,37.25490196078432,4.139433551198258,0.33868092691622115,12.222222222222221,226.14803174066216,28.0665,0,0.0,0,0,0,0,0,0,0,0,1,1,0,0,0,0.0,0.0,0,0.0,0,0,0,0,0,0,0,1.0,0.0,17.24722222222222,0.0,3,13,121.50612947201142
186,tt5814534,spies in disguise,2019,165,6.5,,,2.0,5,102.0,0.3921568627450981,42.79318694045299,21.396593470226495,0.41954104843581363,51.0,188.050781667703,1.0725,0,0.0,0,1,1,0,0,0,0,0,0,0,0,0,0,1.0,0.0,0,1.0,0,0,0,0,0,0,1,1.0,0.0,0.4,0.0,0,2,123.26610948249623
187,tt0110367,little women,2019,45297,7.3,40.0,,12.0,2,135.0,0.3921568627450981,15.686274509803926,1.3071895424836606,0.1161946259985476,11.25,414.61259731787686,330.6681,0,0.0,0,0,0,0,0,0,1,0,0,0,0,0,0,0.0,1.0,0,0.0,0,0,0,0,0,0,0,1.0,0.0,25.211111111111112,0.2,4,27,80.72354467731404
188,tt8579674,1917,2019,401,8.6,100.0,,8.0,3,119.0,0.3921568627450981,39.215686274509814,4.901960784313727,0.3295435821387379,14.875,244.24108612792128,3.4486,0,0.0,0,0,0,0,1,0,0,0,0,0,0,0,0,0.0,1.0,0,0.0,0,0,0,0,1,0,0,0.0,0.0,10.4,0.0,2,2,134.99650436389072
189,tt4916630,just mercy,2019,574,5.7,,,6.0,1,136.0,0.3921568627450981,24.77033855631133,4.128389759385222,0.1821348423258186,22.666666666666668,316.937261051973,3.2718000000000003,0,0.0,0,0,0,0,0,0,0,0,0,0,0,0,0,0.0,1.0,0,0.0,0,0,0,0,0,0,0,1.0,0.0,10.2,0.0,2,1,103.27677112998529
190,tt5577494,clemency,2019,286,5.9,,,7.0,1,113.0,0.3921568627450981,12.386640362374088,1.7695200517677268,0.10961628639269104,16.142857142857142,253.71170956570813,1.6874,0,0.0,0,0,0,0,0,0,0,0,0,0,0,0,0,0.0,1.0,0,0.0,0,0,0,0,0,0,0,0.0,0.0,0.2,0.0,0,1,43.81299738350941
191,tt7334342,dirty god,2019,601,6.5,,,1.0,1,90.0,0.3921568627450981,-2.376971148410675,-2.376971148410675,-0.02641079053789639,90.0,1214.6931107064374,3.9065,0,0.0,0,0,0,0,0,0,0,0,0,0,0,0,0,0.0,1.0,0,0.0,0,0,0,0,0,0,0,0.0,0.0,0.0,0.0,0,0,-31.249875931634833
192,tt8530978,beats,2019,3194,6.4,,,11.0,1,110.0,0.3921568627450981,14.731625720977746,1.3392387019070677,0.13392387019070678,10.0,259.74639008056573,20.4416,0,0.0,0,0,0,0,0,0,0,0,0,0,0,0,0,0.0,1.0,0,0.0,0,0,0,0,0,0,0,0.0,0.0,0.0,0.0,0,0,52.996491731397555
193,tt7802246,the last tree,2019,210,6.9,,,1.0,1,100.0,0.3921568627450981,1.7125319326363382,1.7125319326363382,0.01712531932636338,100.0,-623.4042180242308,1.449,0,0.0,0,0,0,0,0,0,0,0,0,0,0,0,0,0.0,1.0,0,0.0,0,0,0,0,0,0,0,0.0,0.0,0.0,0.0,0,0,-8.963464370430472
194,tt7533152,the boy who harnessed the wind,2019,15111,7.6,,,1.0,1,113.0,0.3921568627450981,10.899686116256007,10.899686116256007,0.09645739925890272,113.0,195.24934870287382,114.8436,0,0.0,0,0,0,0,0,0,0,0,0,0,0,0,0,0.0,1.0,0,0.0,0,0,0,0,0,0,0,1.0,0.0,0.2,0.0,0,1,32.18125226890342
195,tt6198946,the hole in the ground,2019,9938,5.7,,,5.0,2,90.0,0.3921568627450981,6.42192946785871,1.284385893571742,0.07135477186509678,18.0,-83.54195507780496,56.6466,0,0.0,1,0,0,0,0,0,0,0,0,0,0,0,0,0.0,0.0,0,0.0,1,0,0,0,0,0,0,0.0,0.0,0.0,0.0,0,0,1.0569240366918677
196,tt0475323,the lodge,2019,1196,3.9,,,5.0,2,100.0,0.3921568627450981,10.511432548905717,2.1022865097811434,0.10511432548905716,20.0,122.07568273200192,4.6644,0,0.0,1,0,0,0,0,0,0,0,0,0,0,0,0,0.0,0.0,0,0.0,0,1,0,0,0,0,0,0.0,0.0,0.0,0.0,0,0,23.343335597896242
197,tt5342950,the wolf hour,2019,841,4.8,,,6.0,4,99.0,0.3921568627450981,6.6865708594401525,1.1144284765733588,0.06754111979232477,16.5,72.46630506277045,4.0368,0,0.0,0,0,0,0,0,1,0,0,0,0,0,0,0,0.0,1.0,0,0.0,1,1,0,0,0,0,0,0.0,0.0,0.4,0.0,0,2,11.532081696680365
198,tt3297554,animals,2019,838,6.3,,,1.0,1,109.0,0.3921568627450981,5.393084705578644,5.393084705578644,0.049477841335583896,109.0,105.7135505989256,5.2794,0,0.0,0,0,0,0,0,0,0,0,0,0,0,0,0,0.0,1.0,0,0.0,0,0,0,0,0,0,0,0.0,0.0,0.0,0.0,0,0,11.094306034653442
199,tt6515910,the kindness of strangers,2019,201,5.5,,0.0,6.0,1,112.0,0.3921568627450981,11.084730983539941,1.8474551639233237,0.09897081235303519,18.666666666666668,-100.0,1.1055,0,0.0,0,0,0,0,0,0,0,0,0,0,0,0,0,0.0,1.0,0,0.0,0,0,0,0,0,0,0,0.0,0.0,0.0,0.0,0,0,0.0
200,tt1438173,bait,2019,15239,5.2,,,4.0,3,89.0,0.3921568627450981,16.999622435880994,4.2499056089702485,0.1910069936615842,22.25,89.52382252025309,79.2428,0,0.0,0,0,0,0,0,0,0,0,0,0,0,0,0,1.0,1.0,0,1.0,0,0,0,0,0,0,0,0.0,0.0,0.0,0.0,0,0,32.21833425449222
201,tt3486080,lancaster skies,2019,973,4.8,0.1,,3.0,3,98.0,0.3921568627450981,0.03921568627450981,0.013071895424836603,0.0004001600640256103,32.666666666666664,-35269.996956170275,4.6704,0,0.0,0,0,0,0,1,0,0,0,0,0,0,0,0,1.0,1.0,0,0.0,0,0,0,0,0,0,0,0.0,0.0,0.0,0.0,0,0,-13.792155669086384
202,tt7759300,pink wall,2019,163,5.9,,,2.0,2,85.0,0.3921568627450981,-3.222698991117632,-1.611349495558816,-0.03791410577785449,42.5,1062.4807563615877,0.9617,0,0.0,0,0,0,0,0,0,1,0,0,0,0,0,0,0.0,1.0,0,0.0,0,0,0,0,0,0,0,0.0,0.0,0.0,0.0,0,0,-37.4632556072015
203,tt6916348,the warrior queen of jhansi,2019,208,3.8,,0.17,3.0,2,104.0,0.3921568627450981,12.76154425959259,4.253848086530863,0.12270715634223645,34.666666666666664,-99.47759718329891,0.7904,0,0.0,0,0,0,0,0,0,0,0,0,0,0,0,0,1.0,1.0,0,0.0,0,0,0,0,0,0,0,0.0,0.0,0.0,0.0,0,0,0.06666666666666668
204,tt7078658,the day shall come,2019,1872,5.8,,0.5,6.0,2,88.0,0.3921568627450981,7.34861295930412,1.2247688265506866,0.08350696544663773,14.666666666666666,-97.33176270871235,10.8576,0,0.0,0,1,0,0,0,0,0,0,0,0,0,0,0,0.0,0.0,0,0.0,0,0,0,1,0,0,0,0.0,0.0,5.411111111111111,0.0,1,3,0.19607843137254904
205,tt1648186,fisherman's friends,2019,2579,6.9,,,7.0,3,112.0,0.3921568627450981,12.589819308443602,1.798545615491943,0.11240910096824644,16.0,245.5911356897309,17.7951,0,0.0,0,1,0,0,0,0,0,0,0,0,0,1,0,0.0,1.0,0,0.0,0,0,0,0,0,0,0,0.0,0.0,0.0,0.0,0,0,43.509299529335266
206,tt7303530,roads,2019,209,6.5,,,3.0,3,99.0,0.3921568627450981,12.874938120207098,4.291646040069033,0.1300498800020919,33.0,113.70633687329979,1.3585,0,0.0,0,1,0,0,0,0,0,0,0,0,0,0,0,0.0,1.0,0,1.0,0,0,0,0,0,0,0,0.0,0.0,0.0,0.0,0,0,27.51455863139867
207,tt8359816,sorry we missed you,2019,3644,7.8,,,4.0,1,100.0,0.3921568627450981,4.391409144824657,1.0978522862061642,0.04391409144824657,25.0,-33.08300605012391,28.4232,0,0.0,0,0,0,0,0,0,0,0,0,0,0,0,0,0.0,1.0,0,0.0,0,0,0,0,0,0,0,0.0,0.0,0.0,0.0,0,0,2.9385989917566206
208,tt9204204,little joe,2019,920,5.9,,0.13,8.0,2,105.0,0.3921568627450981,15.115378249304499,1.8894222811630623,0.1439559833267095,13.125,-99.66272499889833,5.428,0,0.0,0,0,0,0,0,0,0,0,0,0,0,0,1,0.0,1.0,0,0.0,0,0,0,0,0,0,0,0.0,0.0,0.0,0.0,0,0,0.05098039215686275
209,tt5433114,diego maradona,2019,3817,7.7,,2.6,1.0,2,130.0,0.3921568627450981,20.059730546054347,20.059730546054347,0.15430561958503344,130.0,-94.91714088184597,29.3909,0,0.0,0,0,0,0,0,0,0,0,0,0,0,1,0,0.0,0.0,0,0.0,0,0,0,0,0,1,0,0.0,0.0,0.0,0.0,0,0,1.019607843137255
210,tt8836988,avengement,2019,6091,6.5,,,3.0,3,88.0,0.3921568627450981,12.297028700194375,4.099009566731458,0.1397389625022088,29.333333333333332,24.650560773023102,39.5915,0,0.0,0,0,0,0,0,0,0,0,0,0,0,0,0,1.0,0.0,0,0.0,0,1,0,1,0,0,0,0.0,0.0,0.0,0.0,0,0,15.328315233211882
211,tt7561364,bittersweet symphony,2019,91,4.0,,,5.0,1,80.0,0.3921568627450981,-2.894637946539916,-0.5789275893079833,-0.036182974331748954,16.0,1201.2635905507466,0.364,0,0.0,0,0,0,0,0,0,0,0,0,0,0,0,0,0.0,1.0,0,0.0,0,0,0,0,0,0,0,0.0,0.0,0.0,0.0,0,0,-37.66686967658971
212,tt0180846,monsoon,2019,271,3.6,,,6.0,2,85.0,0.3921568627450981,0.3491372918001261,0.05818954863335435,0.004107497550589719,14.166666666666666,-6284.913012189504,0.9756,0,0.0,0,0,0,0,0,0,1,0,0,0,0,0,0,0.0,1.0,0,0.0,0,0,0,0,0,0,0,0.0,0.0,0.0,0.0,0,0,-21.593837790952037
213,tt7590074,mrs lowry & son,2019,91,7.2,0.0,,2.0,2,91.0,0.3921568627450981,0.0,0.0,0.0,45.5,-inf,0.6552,0,0.0,0,0,0,0,0,0,0,0,0,0,0,1,0,0.0,1.0,0,0.0,0,0,0,0,0,0,0,0.0,0.0,5.966666666666668,0.0,1,5,-21.67316793364658
214,tt7715070,horrible histories: the movie – rotten romans,2019,879,5.1,,3.7,9.0,1,92.0,0.3921568627450981,15.228026955082697,1.6920029950091886,0.1655220321204641,10.222222222222221,-90.47164549657849,4.4829,0,0.0,0,1,0,0,0,0,0,0,0,0,0,0,0,0.0,0.0,0,0.0,0,0,0,0,0,0,0,1.0,0.0,0.0,0.0,0,0,1.450980392156863
215,tt0026529,the informer,2019,5121,7.5,,1.6,5.0,3,113.0,0.3921568627450981,15.083651653347985,3.016730330669597,0.13348364294998216,22.6,-95.84019178636437,38.4075,0,0.0,0,0,0,0,0,0,0,0,0,0,0,0,0,0.0,1.0,0,0.0,0,1,0,1,0,0,0,1.0,0.0,0.4,0.0,0,2,0.627450980392157
216,tt5987402,three seconds,2019,3560,6.6,,1.6,5.0,3,113.0,0.3921568627450981,15.083651653347985,3.016730330669597,0.13348364294998216,22.6,-95.84019178636437,23.496,0,0.0,0,0,0,0,0,0,0,0,0,0,0,0,0,0.0,1.0,0,0.0,0,1,0,1,0,0,0,1.0,0.0,0.4,0.0,0,2,0.627450980392157
217,tt10915286,tell me who i am,2019,5428,7.7,,,2.0,3,86.0,0.3921568627450981,-2.5076840559258216,-1.2538420279629108,-0.029159116929370017,43.0,1266.6850382974121,41.7956,0,0.0,0,0,0,0,0,0,0,0,0,0,0,0,0,0.0,1.0,0,0.0,1,0,0,0,0,0,0,0.0,1.0,0.0,0.0,0,0,-34.272142800107915
218,tt10699362,moffie,2019,64,8.2,,,1.0,4,99.0,0.3921568627450981,6.092575684051511,6.092575684051511,0.061541168525772835,99.0,-36.51796486892795,0.5247999999999999,0,0.0,0,0,0,0,1,0,1,0,0,0,0,1,0,0.0,1.0,0,0.0,0,0,0,0,0,0,0,1.0,0.0,0.0,0.0,0,0,3.8676910361367334
219,tt6439020,the personal history of david copperfield,2019,289,5.9,,,10.0,2,119.0,0.3921568627450981,21.69608422853628,2.169608422853628,0.18232003553391832,11.9,278.9705095033526,1.7051,0,0.0,0,1,0,0,0,0,0,0,0,0,0,0,0,0.0,1.0,0,0.0,0,0,0,0,0,0,0,1.0,0.0,5.2,0.0,1,1,82.22176094316046
220,tt0167872,david copperfield,2019,3841,7.7,,,10.0,2,119.0,0.3921568627450981,21.69608422853628,2.169608422853628,0.18232003553391832,11.9,278.9705095033526,29.5757,0,0.0,0,1,0,0,0,0,0,0,0,0,0,0,0,0.0,1.0,0,0.0,0,0,0,0,0,0,0,1.0,0.0,5.2,0.0,1,1,82.22176094316046
221,tt7587876,hope gap,2019,72,7.4,,,3.0,2,100.0,0.3921568627450981,7.675314879440883,2.558438293146961,0.07675314879440882,33.333333333333336,57.72770223229585,0.5328,0,0.0,0,0,0,0,0,0,1,0,0,0,0,0,0,0.0,1.0,0,0.0,0,0,0,0,0,0,0,1.0,0.0,0.9000000000000001,0.0,0,5,12.106097798435613
222,tt8951692,military wives,2019,18,7.8,,,3.0,2,112.0,0.3921568627450981,8.711918398438726,2.9039727994795754,0.07778498570034577,37.333333333333336,206.2174006002341,0.1404,0,0.0,0,1,0,0,0,0,0,0,0,0,0,0,0,0.0,1.0,0,0.0,0,0,0,0,0,0,0,0.0,0.0,0.4,0.0,0,2,26.677410062112614
223,tt10121372,roger waters: us + them,2019,486,8.0,,,9.0,1,135.0,0.3921568627450981,28.942090025326273,3.2157877805918083,0.21438585203945387,15.0,310.9267857262288,3.888,0,0.0,0,0,0,0,0,0,0,0,0,0,0,0,0,0.0,0.0,0,0.0,0,0,0,0,0,0,0,0.0,1.0,0.0,0.0,0,0,118.93080026306473
224,tt0015881,greed,2019,8406,8.1,,,8.0,3,104.0,0.3921568627450981,10.211175914335435,1.2763969892919294,0.09818438379168687,13.0,190.3438838303832,68.08859999999999,0,0.0,0,0,0,0,0,0,0,0,0,0,0,0,0,0.0,1.0,0,0.0,0,1,0,0,0,0,0,0.0,1.0,0.1,0.0,0,1,29.647524734434143
225,tt4193072,how to build a girl,2019,48,6.9,,,5.0,1,102.0,0.3921568627450981,15.745693753211945,3.149138750642389,0.15436954660011712,20.4,164.76195052444152,0.33120000000000005,0,0.0,0,1,0,0,0,0,0,0,0,0,0,0,0,0.0,0.0,0,0.0,0,0,0,0,0,0,0,1.0,0.0,10.8,0.0,2,4,41.68860590460909
226,tt7557108,saint maud,2019,21,7.1,,,2.0,4,83.0,0.3921568627450981,-4.280095390078188,-2.140047695039094,-0.05156741433829142,41.5,897.0262053527141,0.14909999999999998,0,0.0,1,0,0,0,0,1,0,0,0,0,0,0,0,0.0,1.0,0,0.0,1,0,0,0,0,0,0,0.0,0.0,0.0,0.0,0,0,-42.673672653173
227,tt0269267,ordinary love,2019,17,7.3,,,2.0,3,92.0,0.3921568627450981,-0.05398220729761505,-0.026991103648807524,-0.0005867631228001636,46.0,38617.00863982396,0.1241,0,0.0,0,0,0,0,0,0,1,0,0,0,0,0,0,0.0,1.0,0,0.0,0,0,0,0,0,0,0,0.0,1.0,0.4,0.0,0,2,-20.900295863385296
228,tt6017756,radioactive,2019,99,7.0,,,5.0,3,110.0,0.3921568627450981,13.856800729033878,2.7713601458067756,0.1259709157184898,22.0,212.40753739089178,0.693,0,0.0,0,0,0,0,0,0,1,0,0,0,0,1,0,0.0,1.0,0,0.0,0,0,0,0,0,0,0,1.0,0.0,0.7472222222222222,0.0,0,5,43.28968991873788
229,tt6193408,a shaun the sheep movie: farmageddon,2019,1618,7.1,,30.8,2.0,4,87.0,0.3921568627450981,33.83295601975538,16.91647800987769,0.38888455195121124,43.5,-64.29980470669985,11.4878,0,0.0,0,1,0,0,0,0,0,0,0,0,0,0,1,0.0,0.0,0,1.0,0,0,0,0,0,0,1,1.0,0.0,0.0,0.0,0,0,12.078431372549021
230,tt0983983,shaun the sheep,2019,10796,8.2,,30.8,2.0,3,87.0,0.3921568627450981,24.35358229262591,12.176791146312954,0.2799262332485737,43.5,-50.403882158206,88.5272,0,0.0,0,1,0,0,0,0,0,0,0,0,0,0,1,0.0,0.0,0,0.0,0,0,0,0,0,0,1,1.0,0.0,0.0,0.0,0,0,12.078431372549021
231,tt2872750,shaun the sheep movie,2019,34131,7.3,,30.8,2.0,4,87.0,0.3921568627450981,33.83295601975538,16.91647800987769,0.38888455195121124,43.5,-64.29980470669985,249.1563,0,0.0,0,1,0,0,0,0,0,0,0,0,0,0,1,0.0,0.0,0,1.0,0,0,0,0,0,0,1,1.0,0.0,0.0,0.0,0,0,12.078431372549021
232,tt6563576,the queen's corgi,2019,3018,4.7,20.0,25.0,5.0,2,85.0,0.3921568627450981,7.843137254901961,1.5686274509803924,0.0922722029988466,17.0,25.0,14.1846,0,0.0,0,1,0,0,0,0,0,0,0,0,0,0,0,0.0,0.0,0,0.0,0,0,0,0,0,0,1,0.0,0.0,0.4,0.0,0,2,9.803921568627452
233,tt8000908,robert the bruce,2019,703,5.1,,0.02,3.0,3,124.0,0.3921568627450981,13.768716572840475,4.589572190946825,0.11103803687774577,41.333333333333336,-99.94303654074503,3.5853,0,0.0,0,0,0,1,0,0,0,0,0,0,0,0,0,0.0,1.0,0,0.0,0,0,0,0,0,0,0,0.0,1.0,0.0,0.0,0,0,0.007843137254901962
